{
"meta":{"test_sets":[],"test_metrics":[],"learn_metrics":[{"best_value":"Min","name":"RMSE"}],"launch_mode":"Train","parameters":"","iteration_count":1000,"learn_sets":["learn"],"name":"experiment"},
"iterations":[
{"learn":[66.52645107],"iteration":0,"passed_time":0.057127375,"remaining_time":57.07024763},
{"learn":[64.83633155],"iteration":1,"passed_time":0.05777533333,"remaining_time":28.82989133},
{"learn":[63.1464377],"iteration":2,"passed_time":0.058335625,"remaining_time":19.38687271},
{"learn":[61.50970882],"iteration":3,"passed_time":0.05896433333,"remaining_time":14.682119},
{"learn":[59.97628993],"iteration":4,"passed_time":0.05950079167,"remaining_time":11.84065754},
{"learn":[58.43999784],"iteration":5,"passed_time":0.060153,"remaining_time":9.965347},
{"learn":[57.09660317],"iteration":6,"passed_time":0.06083670833,"remaining_time":8.630121625},
{"learn":[55.65409987],"iteration":7,"passed_time":0.061411625,"remaining_time":7.6150415},
{"learn":[54.2912674],"iteration":8,"passed_time":0.06196383333,"remaining_time":6.822906537},
{"learn":[53.04682912],"iteration":9,"passed_time":0.06253229167,"remaining_time":6.190696875},
{"learn":[51.8001654],"iteration":10,"passed_time":0.06315904167,"remaining_time":5.678572019},
{"learn":[50.52147643],"iteration":11,"passed_time":0.06376258333,"remaining_time":5.249786028},
{"learn":[49.29741134],"iteration":12,"passed_time":0.06427358333,"remaining_time":4.879848212},
{"learn":[48.08361983],"iteration":13,"passed_time":0.06486291667,"remaining_time":4.56820256},
{"learn":[46.89697864],"iteration":14,"passed_time":0.06532845833,"remaining_time":4.289902097},
{"learn":[45.76913208],"iteration":15,"passed_time":0.065915625,"remaining_time":4.053810937},
{"learn":[44.68003526],"iteration":16,"passed_time":0.06642216667,"remaining_time":3.840764108},
{"learn":[43.63159472],"iteration":17,"passed_time":0.06691495833,"remaining_time":3.650582727},
{"learn":[42.60743723],"iteration":18,"passed_time":0.06734391667,"remaining_time":3.47707275},
{"learn":[41.557013],"iteration":19,"passed_time":0.067809875,"remaining_time":3.322683875},
{"learn":[40.55337709],"iteration":20,"passed_time":0.06827345833,"remaining_time":3.182843605},
{"learn":[39.58687013],"iteration":21,"passed_time":0.06877225,"remaining_time":3.057239114},
{"learn":[38.70563879],"iteration":22,"passed_time":0.06940329167,"remaining_time":2.948131129},
{"learn":[37.81829501],"iteration":23,"passed_time":0.07004766667,"remaining_time":2.848605111},
{"learn":[36.94556361],"iteration":24,"passed_time":0.07058016667,"remaining_time":2.7526265},
{"learn":[36.13162782],"iteration":25,"passed_time":0.07105954167,"remaining_time":2.661999753},
{"learn":[35.26674866],"iteration":26,"passed_time":0.07162170833,"remaining_time":2.581034156},
{"learn":[34.47035874],"iteration":27,"passed_time":0.07217483333,"remaining_time":2.505497786},
{"learn":[33.69281699],"iteration":28,"passed_time":0.07277208333,"remaining_time":2.436610101},
{"learn":[32.95857238],"iteration":29,"passed_time":0.07350820833,"remaining_time":2.376765403},
{"learn":[32.28192376],"iteration":30,"passed_time":0.07398116667,"remaining_time":2.312508081},
{"learn":[31.58640943],"iteration":31,"passed_time":0.07456291667,"remaining_time":2.255528229},
{"learn":[30.88712281],"iteration":32,"passed_time":0.07508954167,"remaining_time":2.200351115},
{"learn":[30.3041731],"iteration":33,"passed_time":0.07569295833,"remaining_time":2.150570522},
{"learn":[29.6978592],"iteration":34,"passed_time":0.07630354167,"remaining_time":2.103797649},
{"learn":[29.09699508],"iteration":35,"passed_time":0.07691966667,"remaining_time":2.059737741},
{"learn":[28.5148961],"iteration":36,"passed_time":0.077465,"remaining_time":2.016183649},
{"learn":[28.00992598],"iteration":37,"passed_time":0.077994625,"remaining_time":1.974495507},
{"learn":[27.45906833],"iteration":38,"passed_time":0.078572125,"remaining_time":1.936097747},
{"learn":[26.91248288],"iteration":39,"passed_time":0.079108875,"remaining_time":1.898613},
{"learn":[26.42776615],"iteration":40,"passed_time":0.079619875,"remaining_time":1.862328296},
{"learn":[25.94446182],"iteration":41,"passed_time":0.08020325,"remaining_time":1.82939794},
{"learn":[25.45939786],"iteration":42,"passed_time":0.08061454167,"remaining_time":1.794142241},
{"learn":[24.95999474],"iteration":43,"passed_time":0.08114625,"remaining_time":1.763086705},
{"learn":[24.54814586],"iteration":44,"passed_time":0.08176925,"remaining_time":1.735325194},
{"learn":[24.12350215],"iteration":45,"passed_time":0.082258625,"remaining_time":1.705972353},
{"learn":[23.69420806],"iteration":46,"passed_time":0.08277183333,"remaining_time":1.678331004},
{"learn":[23.289267],"iteration":47,"passed_time":0.0833475,"remaining_time":1.65305875},
{"learn":[22.8811268],"iteration":48,"passed_time":0.083950375,"remaining_time":1.629322584},
{"learn":[22.50878],"iteration":49,"passed_time":0.08448616667,"remaining_time":1.605237167},
{"learn":[22.13846628],"iteration":50,"passed_time":0.08502041667,"remaining_time":1.582046577},
{"learn":[21.82282778],"iteration":51,"passed_time":0.08562191667,"remaining_time":1.560953404},
{"learn":[21.50871957],"iteration":52,"passed_time":0.086172875,"remaining_time":1.539730427},
{"learn":[21.15990131],"iteration":53,"passed_time":0.086863375,"remaining_time":1.521717644},
{"learn":[20.85484409],"iteration":54,"passed_time":0.08731570833,"remaining_time":1.500242625},
{"learn":[20.54890733],"iteration":55,"passed_time":0.08784991667,"remaining_time":1.480898595},
{"learn":[20.26126535],"iteration":56,"passed_time":0.08828033333,"remaining_time":1.460497444},
{"learn":[19.96577528],"iteration":57,"passed_time":0.08882854167,"remaining_time":1.442698039},
{"learn":[19.7176196],"iteration":58,"passed_time":0.08939520833,"remaining_time":1.425777814},
{"learn":[19.43617854],"iteration":59,"passed_time":0.089843125,"remaining_time":1.407542292},
{"learn":[19.19271435],"iteration":60,"passed_time":0.09035845833,"remaining_time":1.390927744},
{"learn":[18.95266883],"iteration":61,"passed_time":0.09080416667,"remaining_time":1.373779167},
{"learn":[18.72074598],"iteration":62,"passed_time":0.09128733333,"remaining_time":1.357717958},
{"learn":[18.49821244],"iteration":63,"passed_time":0.09177320833,"remaining_time":1.342183172},
{"learn":[18.28083974],"iteration":64,"passed_time":0.09229770833,"remaining_time":1.327667035},
{"learn":[18.0879522],"iteration":65,"passed_time":0.09287395833,"remaining_time":1.314307229},
{"learn":[17.88185959],"iteration":66,"passed_time":0.093387625,"remaining_time":1.300457524},
{"learn":[17.68273441],"iteration":67,"passed_time":0.093931125,"remaining_time":1.287408949},
{"learn":[17.46036532],"iteration":68,"passed_time":0.094447375,"remaining_time":1.274355161},
{"learn":[17.2998228],"iteration":69,"passed_time":0.09489741667,"remaining_time":1.260779964},
{"learn":[17.13447345],"iteration":70,"passed_time":0.09546529167,"remaining_time":1.249116281},
{"learn":[16.98071202],"iteration":71,"passed_time":0.09600695833,"remaining_time":1.237423019},
{"learn":[16.83019774],"iteration":72,"passed_time":0.09656404167,"remaining_time":1.22623105},
{"learn":[16.65900317],"iteration":73,"passed_time":0.09715979167,"remaining_time":1.215810366},
{"learn":[16.50558777],"iteration":74,"passed_time":0.09762625,"remaining_time":1.204057083},
{"learn":[16.33418165],"iteration":75,"passed_time":0.09805216667,"remaining_time":1.192107921},
{"learn":[16.21533464],"iteration":76,"passed_time":0.098513875,"remaining_time":1.180887099},
{"learn":[16.06752397],"iteration":77,"passed_time":0.099153375,"remaining_time":1.17204374},
{"learn":[15.92211678],"iteration":78,"passed_time":0.099685875,"remaining_time":1.162160644},
{"learn":[15.82911529],"iteration":79,"passed_time":0.1003137917,"remaining_time":1.153608604},
{"learn":[15.70904944],"iteration":80,"passed_time":0.1008695417,"remaining_time":1.144433442},
{"learn":[15.57736873],"iteration":81,"passed_time":0.101393125,"remaining_time":1.135108399},
{"learn":[15.45402949],"iteration":82,"passed_time":0.1019475,"remaining_time":1.126335633},
{"learn":[15.36682469],"iteration":83,"passed_time":0.1025013333,"remaining_time":1.117752635},
{"learn":[15.27753351],"iteration":84,"passed_time":0.1030353333,"remaining_time":1.109145059},
{"learn":[15.18493957],"iteration":85,"passed_time":0.103538625,"remaining_time":1.100398875},
{"learn":[15.08424975],"iteration":86,"passed_time":0.103995375,"remaining_time":1.091353763},
{"learn":[14.9785185],"iteration":87,"passed_time":0.104490125,"remaining_time":1.082897659},
{"learn":[14.87933475],"iteration":88,"passed_time":0.1049555,"remaining_time":1.074319781},
{"learn":[14.78043066],"iteration":89,"passed_time":0.1055140417,"remaining_time":1.066864199},
{"learn":[14.68858379],"iteration":90,"passed_time":0.1060468333,"remaining_time":1.059302984},
{"learn":[14.60761324],"iteration":91,"passed_time":0.1066005,"remaining_time":1.052100587},
{"learn":[14.50340463],"iteration":92,"passed_time":0.107158875,"remaining_time":1.045087093},
{"learn":[14.43278876],"iteration":93,"passed_time":0.1077597083,"remaining_time":1.038620168},
{"learn":[14.37630692],"iteration":94,"passed_time":0.1083385417,"remaining_time":1.03206716},
{"learn":[14.31859682],"iteration":95,"passed_time":0.1090221667,"remaining_time":1.026625403},
{"learn":[14.2475285],"iteration":96,"passed_time":0.109577375,"remaining_time":1.020086285},
{"learn":[14.17307221],"iteration":97,"passed_time":0.1101894167,"remaining_time":1.014192386},
{"learn":[14.10290475],"iteration":98,"passed_time":0.1106935,"remaining_time":1.007422662},
{"learn":[14.03330187],"iteration":99,"passed_time":0.111274875,"remaining_time":1.001473875},
{"learn":[13.96387468],"iteration":100,"passed_time":0.1118426667,"remaining_time":0.9955104686},
{"learn":[13.91303736],"iteration":101,"passed_time":0.11247475,"remaining_time":0.9902188775},
{"learn":[13.8594046],"iteration":102,"passed_time":0.1130015833,"remaining_time":0.9841011675},
{"learn":[13.80343784],"iteration":103,"passed_time":0.113402625,"remaining_time":0.9770072308},
{"learn":[13.74787759],"iteration":104,"passed_time":0.113913125,"remaining_time":0.9709737798},
{"learn":[13.67187898],"iteration":105,"passed_time":0.1144151667,"remaining_time":0.9649731981},
{"learn":[13.60641346],"iteration":106,"passed_time":0.1149448333,"remaining_time":0.9593059455},
{"learn":[13.5385034],"iteration":107,"passed_time":0.1155088333,"remaining_time":0.9540174012},
{"learn":[13.48460428],"iteration":108,"passed_time":0.1160101667,"remaining_time":0.948303289},
{"learn":[13.40767301],"iteration":109,"passed_time":0.1165636667,"remaining_time":0.9431060303},
{"learn":[13.32658116],"iteration":110,"passed_time":0.117111625,"remaining_time":0.9379480597},
{"learn":[13.26430493],"iteration":111,"passed_time":0.1176520833,"remaining_time":0.9328129464},
{"learn":[13.2230291],"iteration":112,"passed_time":0.1181797083,"remaining_time":0.9276584185},
{"learn":[13.17638717],"iteration":113,"passed_time":0.11865575,"remaining_time":0.9221841623},
{"learn":[13.12738971],"iteration":114,"passed_time":0.1193510417,"remaining_time":0.9184841033},
{"learn":[13.07509848],"iteration":115,"passed_time":0.119879875,"remaining_time":0.9135673233},
{"learn":[13.02159449],"iteration":116,"passed_time":0.12036775,"remaining_time":0.908416438},
{"learn":[12.98474857],"iteration":117,"passed_time":0.120811125,"remaining_time":0.9030119682},
{"learn":[12.93559701],"iteration":118,"passed_time":0.1214245833,"remaining_time":0.8989500665},
{"learn":[12.90137116],"iteration":119,"passed_time":0.1219802917,"remaining_time":0.8945221389},
{"learn":[12.85311242],"iteration":120,"passed_time":0.1225298333,"remaining_time":0.8901134174},
{"learn":[12.81403604],"iteration":121,"passed_time":0.1230720833,"remaining_time":0.885715485},
{"learn":[12.76382924],"iteration":122,"passed_time":0.1236106667,"remaining_time":0.881354103},
{"learn":[12.71826025],"iteration":123,"passed_time":0.1241401667,"remaining_time":0.8769902097},
{"learn":[12.67055717],"iteration":124,"passed_time":0.12469675,"remaining_time":0.87287725},
{"learn":[12.639293],"iteration":125,"passed_time":0.1252590417,"remaining_time":0.8688603366},
{"learn":[12.59327354],"iteration":126,"passed_time":0.125675625,"remaining_time":0.8638962254},
{"learn":[12.56122563],"iteration":127,"passed_time":0.1263036667,"remaining_time":0.8604437292},
{"learn":[12.52381954],"iteration":128,"passed_time":0.1268046667,"remaining_time":0.8561772455},
{"learn":[12.49046481],"iteration":129,"passed_time":0.12730575,"remaining_time":0.85196925},
{"learn":[12.4481666],"iteration":130,"passed_time":0.127767,"remaining_time":0.8475536107},
{"learn":[12.41634012],"iteration":131,"passed_time":0.1282189167,"remaining_time":0.8431365126},
{"learn":[12.39888493],"iteration":132,"passed_time":0.1287776667,"remaining_time":0.8394754662},
{"learn":[12.35977402],"iteration":133,"passed_time":0.1293265833,"remaining_time":0.8357971729},
{"learn":[12.32738332],"iteration":134,"passed_time":0.12986525,"remaining_time":0.8320995648},
{"learn":[12.29062073],"iteration":135,"passed_time":0.1304715833,"remaining_time":0.8288782941},
{"learn":[12.25803059],"iteration":136,"passed_time":0.1310227083,"remaining_time":0.8253474255},
{"learn":[12.2368587],"iteration":137,"passed_time":0.1317165833,"remaining_time":0.8227514118},
{"learn":[12.20864859],"iteration":138,"passed_time":0.1322532917,"remaining_time":0.8192092383},
{"learn":[12.17858993],"iteration":139,"passed_time":0.1328340417,"remaining_time":0.8159805417},
{"learn":[12.15044914],"iteration":140,"passed_time":0.1333264167,"remaining_time":0.8122510065},
{"learn":[12.110836],"iteration":141,"passed_time":0.1339090417,"remaining_time":0.8091123785},
{"learn":[12.08999751],"iteration":142,"passed_time":0.1344549583,"remaining_time":0.8057895055},
{"learn":[12.05306834],"iteration":143,"passed_time":0.1349128333,"remaining_time":0.8019818426},
{"learn":[12.01309663],"iteration":144,"passed_time":0.1354014167,"remaining_time":0.7984014569},
{"learn":[11.97266914],"iteration":145,"passed_time":0.1359745,"remaining_time":0.7953576918},
{"learn":[11.92729601],"iteration":146,"passed_time":0.1365354167,"remaining_time":0.7922769416},
{"learn":[11.88537141],"iteration":147,"passed_time":0.137017,"remaining_time":0.7887735405},
{"learn":[11.86027756],"iteration":148,"passed_time":0.1376066667,"remaining_time":0.7859280089},
{"learn":[11.83000225],"iteration":149,"passed_time":0.13800025,"remaining_time":0.7820014167},
{"learn":[11.82272555],"iteration":150,"passed_time":0.13818325,"remaining_time":0.7769376109},
{"learn":[11.80306765],"iteration":151,"passed_time":0.1387359583,"remaining_time":0.7740006096},
{"learn":[11.77645292],"iteration":152,"passed_time":0.1392145417,"remaining_time":0.7706844235},
{"learn":[11.75139768],"iteration":153,"passed_time":0.1397202917,"remaining_time":0.7675543295},
{"learn":[11.72446461],"iteration":154,"passed_time":0.1404256667,"remaining_time":0.7655463763},
{"learn":[11.70248409],"iteration":155,"passed_time":0.1410249167,"remaining_time":0.7629809594},
{"learn":[11.67485185],"iteration":156,"passed_time":0.1414976667,"remaining_time":0.7597613567},
{"learn":[11.63650428],"iteration":157,"passed_time":0.142033625,"remaining_time":0.7569133687},
{"learn":[11.60826152],"iteration":158,"passed_time":0.1424799583,"remaining_time":0.7536204085},
{"learn":[11.58362392],"iteration":159,"passed_time":0.1430148333,"remaining_time":0.750827875},
{"learn":[11.55847642],"iteration":160,"passed_time":0.1435035,"remaining_time":0.747822587},
{"learn":[11.53793507],"iteration":161,"passed_time":0.14406925,"remaining_time":0.745247108},
{"learn":[11.52936277],"iteration":162,"passed_time":0.1445578333,"remaining_time":0.7423000399},
{"learn":[11.50557735],"iteration":163,"passed_time":0.1450533333,"remaining_time":0.7394182114},
{"learn":[11.49206303],"iteration":164,"passed_time":0.145556,"remaining_time":0.7366015758},
{"learn":[11.46651332],"iteration":165,"passed_time":0.14612675,"remaining_time":0.7341548765},
{"learn":[11.4440797],"iteration":166,"passed_time":0.146650375,"remaining_time":0.7314955831},
{"learn":[11.41498951],"iteration":167,"passed_time":0.1471320833,"remaining_time":0.728654127},
{"learn":[11.39460593],"iteration":168,"passed_time":0.147644875,"remaining_time":0.7259934386},
{"learn":[11.36182033],"iteration":169,"passed_time":0.1483365833,"remaining_time":0.7242315539},
{"learn":[11.34028438],"iteration":170,"passed_time":0.1489115417,"remaining_time":0.7219161874},
{"learn":[11.31582924],"iteration":171,"passed_time":0.1494217917,"remaining_time":0.7193095552},
{"learn":[11.29877934],"iteration":172,"passed_time":0.1499233333,"remaining_time":0.7166855299},
{"learn":[11.26077736],"iteration":173,"passed_time":0.1504171667,"remaining_time":0.7140493084},
{"learn":[11.23810618],"iteration":174,"passed_time":0.1510709583,"remaining_time":0.7121916607},
{"learn":[11.20910817],"iteration":175,"passed_time":0.1515414167,"remaining_time":0.7094893598},
{"learn":[11.16944428],"iteration":176,"passed_time":0.15201125,"remaining_time":0.7068093715},
{"learn":[11.14395746],"iteration":177,"passed_time":0.152481125,"remaining_time":0.7041544087},
{"learn":[11.10820011],"iteration":178,"passed_time":0.153047125,"remaining_time":0.7019647465},
{"learn":[11.09135337],"iteration":179,"passed_time":0.1534814167,"remaining_time":0.6991931204},
{"learn":[11.07846097],"iteration":180,"passed_time":0.153990375,"remaining_time":0.6967851775},
{"learn":[11.04342873],"iteration":181,"passed_time":0.1545715417,"remaining_time":0.6947226433},
{"learn":[11.01678858],"iteration":182,"passed_time":0.154973375,"remaining_time":0.6918756687},
{"learn":[10.97952353],"iteration":183,"passed_time":0.1555397083,"remaining_time":0.6897847935},
{"learn":[10.96225008],"iteration":184,"passed_time":0.1560721667,"remaining_time":0.6875611667},
{"learn":[10.94127627],"iteration":185,"passed_time":0.156650625,"remaining_time":0.6855570363},
{"learn":[10.91504847],"iteration":186,"passed_time":0.1572202917,"remaining_time":0.6835299311},
{"learn":[10.88846921],"iteration":187,"passed_time":0.157806625,"remaining_time":0.6815903165},
{"learn":[10.85589422],"iteration":188,"passed_time":0.158236875,"remaining_time":0.6789952679},
{"learn":[10.8249781],"iteration":189,"passed_time":0.1586904583,"remaining_time":0.6765224803},
{"learn":[10.80516519],"iteration":190,"passed_time":0.15925025,"remaining_time":0.6745206924},
{"learn":[10.7680647],"iteration":191,"passed_time":0.1598247083,"remaining_time":0.6725956476},
{"learn":[10.74580624],"iteration":192,"passed_time":0.1604166667,"remaining_time":0.670757772},
{"learn":[10.72747946],"iteration":193,"passed_time":0.1610582083,"remaining_time":0.6691387418},
{"learn":[10.71328885],"iteration":194,"passed_time":0.161638875,"remaining_time":0.6672784327},
{"learn":[10.69096302],"iteration":195,"passed_time":0.1621865,"remaining_time":0.6652956429},
{"learn":[10.66807636],"iteration":196,"passed_time":0.1627192083,"remaining_time":0.6632666208},
{"learn":[10.65406495],"iteration":197,"passed_time":0.1633272917,"remaining_time":0.6615580198},
{"learn":[10.62991977],"iteration":198,"passed_time":0.1638175417,"remaining_time":0.6593861853},
{"learn":[10.60958089],"iteration":199,"passed_time":0.16433275,"remaining_time":0.657331},
{"learn":[10.58427986],"iteration":200,"passed_time":0.1648095833,"remaining_time":0.6551385925},
{"learn":[10.54765635],"iteration":201,"passed_time":0.16532025,"remaining_time":0.6530968292},
{"learn":[10.53143415],"iteration":202,"passed_time":0.1658679583,"remaining_time":0.6512155803},
{"learn":[10.51112603],"iteration":203,"passed_time":0.166443,"remaining_time":0.6494540588},
{"learn":[10.49891835],"iteration":204,"passed_time":0.167087625,"remaining_time":0.6479739604},
{"learn":[10.47788693],"iteration":205,"passed_time":0.167710625,"remaining_time":0.6464186226},
{"learn":[10.4524652],"iteration":206,"passed_time":0.1682342083,"remaining_time":0.6444914358},
{"learn":[10.43657877],"iteration":207,"passed_time":0.1688780417,"remaining_time":0.6430356202},
{"learn":[10.41057217],"iteration":208,"passed_time":0.1694597083,"remaining_time":0.6413522933},
{"learn":[10.38813461],"iteration":209,"passed_time":0.169938,"remaining_time":0.6392905714},
{"learn":[10.37446247],"iteration":210,"passed_time":0.1703935833,"remaining_time":0.6371589443},
{"learn":[10.35425326],"iteration":211,"passed_time":0.1709105,"remaining_time":0.6352711038},
{"learn":[10.34182013],"iteration":212,"passed_time":0.171510875,"remaining_time":0.6337045006},
{"learn":[10.31592949],"iteration":213,"passed_time":0.1721219167,"remaining_time":0.6321861051},
{"learn":[10.29968785],"iteration":214,"passed_time":0.1727245,"remaining_time":0.6306452674},
{"learn":[10.27669832],"iteration":215,"passed_time":0.1732346667,"remaining_time":0.628777679},
{"learn":[10.26151343],"iteration":216,"passed_time":0.1737010833,"remaining_time":0.6267647385},
{"learn":[10.23544373],"iteration":217,"passed_time":0.17427,"remaining_time":0.6251336697},
{"learn":[10.22013758],"iteration":218,"passed_time":0.174869875,"remaining_time":0.6236227049},
{"learn":[10.1986018],"iteration":219,"passed_time":0.1753450417,"remaining_time":0.621677875},
{"learn":[10.17354987],"iteration":220,"passed_time":0.1758277917,"remaining_time":0.6197730756},
{"learn":[10.16100466],"iteration":221,"passed_time":0.1762544583,"remaining_time":0.6176845432},
{"learn":[10.12470676],"iteration":222,"passed_time":0.1767133333,"remaining_time":0.615723139},
{"learn":[10.10741813],"iteration":223,"passed_time":0.177207,"remaining_time":0.6138956786},
{"learn":[10.07658734],"iteration":224,"passed_time":0.1776747917,"remaining_time":0.6119909491},
{"learn":[10.06908826],"iteration":225,"passed_time":0.1781997083,"remaining_time":0.6102945763},
{"learn":[10.05487718],"iteration":226,"passed_time":0.1786685,"remaining_time":0.6084174031},
{"learn":[10.03728503],"iteration":227,"passed_time":0.179248625,"remaining_time":0.6069295548},
{"learn":[10.00873699],"iteration":228,"passed_time":0.1796869583,"remaining_time":0.6049722484},
{"learn":[9.998687415],"iteration":229,"passed_time":0.1801882083,"remaining_time":0.6032387844},
{"learn":[9.984265929],"iteration":230,"passed_time":0.1807017917,"remaining_time":0.6015570467},
{"learn":[9.971276431],"iteration":231,"passed_time":0.1811756667,"remaining_time":0.599753931},
{"learn":[9.959630779],"iteration":232,"passed_time":0.1817355,"remaining_time":0.5982451867},
{"learn":[9.924786077],"iteration":233,"passed_time":0.182351375,"remaining_time":0.5969280053},
{"learn":[9.91778292],"iteration":234,"passed_time":0.1828599167,"remaining_time":0.5952673883},
{"learn":[9.890790222],"iteration":235,"passed_time":0.1834262083,"remaining_time":0.593803488},
{"learn":[9.874888205],"iteration":236,"passed_time":0.1839640417,"remaining_time":0.5922555434},
{"learn":[9.839295428],"iteration":237,"passed_time":0.1844325833,"remaining_time":0.5904942374},
{"learn":[9.812496813],"iteration":238,"passed_time":0.1849655833,"remaining_time":0.5889489913},
{"learn":[9.797666801],"iteration":239,"passed_time":0.1854799583,"remaining_time":0.5873532014},
{"learn":[9.784704242],"iteration":240,"passed_time":0.1859418333,"remaining_time":0.5856010436},
{"learn":[9.768868329],"iteration":241,"passed_time":0.1863843333,"remaining_time":0.5837988623},
{"learn":[9.749454993],"iteration":242,"passed_time":0.1868625833,"remaining_time":0.5821192411},
{"learn":[9.736901506],"iteration":243,"passed_time":0.1873640833,"remaining_time":0.5805215041},
{"learn":[9.709295622],"iteration":244,"passed_time":0.1877780417,"remaining_time":0.5786629447},
{"learn":[9.696129489],"iteration":245,"passed_time":0.1883490417,"remaining_time":0.5772974692},
{"learn":[9.662291879],"iteration":246,"passed_time":0.1888456667,"remaining_time":0.5757116883},
{"learn":[9.655512169],"iteration":247,"passed_time":0.1893955,"remaining_time":0.5742960323},
{"learn":[9.6288084],"iteration":248,"passed_time":0.18994675,"remaining_time":0.5728916034},
{"learn":[9.608939601],"iteration":249,"passed_time":0.190450625,"remaining_time":0.571351875},
{"learn":[9.596183906],"iteration":250,"passed_time":0.1908707917,"remaining_time":0.5695706094},
{"learn":[9.582207057],"iteration":251,"passed_time":0.1914091667,"remaining_time":0.5681510185},
{"learn":[9.562674912],"iteration":252,"passed_time":0.1919250833,"remaining_time":0.566672084},
{"learn":[9.543318731],"iteration":253,"passed_time":0.192970125,"remaining_time":0.5667547766},
{"learn":[9.526373432],"iteration":254,"passed_time":0.1935255417,"remaining_time":0.5653981511},
{"learn":[9.509492085],"iteration":255,"passed_time":0.1941669583,"remaining_time":0.5642977227},
{"learn":[9.485002539],"iteration":256,"passed_time":0.194872625,"remaining_time":0.5633866162},
{"learn":[9.454831007],"iteration":257,"passed_time":0.195315,"remaining_time":0.5617198837},
{"learn":[9.444508148],"iteration":258,"passed_time":0.1957374167,"remaining_time":0.5600055048},
{"learn":[9.424569441],"iteration":259,"passed_time":0.1961689583,"remaining_time":0.5583270353},
{"learn":[9.417992251],"iteration":260,"passed_time":0.19665725,"remaining_time":0.5568188036},
{"learn":[9.409990477],"iteration":261,"passed_time":0.197150875,"remaining_time":0.5553333807},
{"learn":[9.395604577],"iteration":262,"passed_time":0.197564,"remaining_time":0.5536299163},
{"learn":[9.38716344],"iteration":263,"passed_time":0.198109625,"remaining_time":0.5523056212},
{"learn":[9.36876169],"iteration":264,"passed_time":0.1987211667,"remaining_time":0.5511700283},
{"learn":[9.352522569],"iteration":265,"passed_time":0.199245875,"remaining_time":0.5497987679},
{"learn":[9.337780881],"iteration":266,"passed_time":0.199787125,"remaining_time":0.5484792608},
{"learn":[9.324211483],"iteration":267,"passed_time":0.20027525,"remaining_time":0.547020459},
{"learn":[9.314487147],"iteration":268,"passed_time":0.20076025,"remaining_time":0.545560382},
{"learn":[9.304995722],"iteration":269,"passed_time":0.2012224583,"remaining_time":0.5440459059},
{"learn":[9.288304895],"iteration":270,"passed_time":0.201729875,"remaining_time":0.5426608077},
{"learn":[9.274475385],"iteration":271,"passed_time":0.2023486667,"remaining_time":0.5415802549},
{"learn":[9.253256358],"iteration":272,"passed_time":0.2029429167,"remaining_time":0.5404377305},
{"learn":[9.235755218],"iteration":273,"passed_time":0.203525375,"remaining_time":0.5392679644},
{"learn":[9.21275467],"iteration":274,"passed_time":0.2040052083,"remaining_time":0.5378319129},
{"learn":[9.198448507],"iteration":275,"passed_time":0.2044970833,"remaining_time":0.536434378},
{"learn":[9.174639421],"iteration":276,"passed_time":0.2049234167,"remaining_time":0.5348723114},
{"learn":[9.148047058],"iteration":277,"passed_time":0.2053628333,"remaining_time":0.5333523945},
{"learn":[9.135609169],"iteration":278,"passed_time":0.2059832083,"remaining_time":0.532307861},
{"learn":[9.11376409],"iteration":279,"passed_time":0.2065250417,"remaining_time":0.5310643929},
{"learn":[9.091249894],"iteration":280,"passed_time":0.207090125,"remaining_time":0.5298854088},
{"learn":[9.064034483],"iteration":281,"passed_time":0.2076646667,"remaining_time":0.5287348605},
{"learn":[9.049814675],"iteration":282,"passed_time":0.20821225,"remaining_time":0.5275200822},
{"learn":[9.042760787],"iteration":283,"passed_time":0.2087005417,"remaining_time":0.5261605205},
{"learn":[9.026697866],"iteration":284,"passed_time":0.2091922917,"remaining_time":0.5248157493},
{"learn":[9.006220078],"iteration":285,"passed_time":0.209688625,"remaining_time":0.5234883855},
{"learn":[8.981135556],"iteration":286,"passed_time":0.21012675,"remaining_time":0.5220222047},
{"learn":[8.976309913],"iteration":287,"passed_time":0.2106872917,"remaining_time":0.5208658044},
{"learn":[8.962401828],"iteration":288,"passed_time":0.2112097917,"remaining_time":0.5196199373},
{"learn":[8.941822897],"iteration":289,"passed_time":0.21168125,"remaining_time":0.5182540948},
{"learn":[8.924160622],"iteration":290,"passed_time":0.212276125,"remaining_time":0.5171950949},
{"learn":[8.905237213],"iteration":291,"passed_time":0.2128006667,"remaining_time":0.5159687397},
{"learn":[8.892607736],"iteration":292,"passed_time":0.2133696667,"remaining_time":0.5148544516},
{"learn":[8.873007476],"iteration":293,"passed_time":0.2137734583,"remaining_time":0.5133471482},
{"learn":[8.868046059],"iteration":294,"passed_time":0.214224625,"remaining_time":0.5119605445},
{"learn":[8.844768336],"iteration":295,"passed_time":0.2148066667,"remaining_time":0.5108915315},
{"learn":[8.839700753],"iteration":296,"passed_time":0.2152967917,"remaining_time":0.5096082308},
{"learn":[8.808879028],"iteration":297,"passed_time":0.2158140417,"remaining_time":0.5083941518},
{"learn":[8.792199589],"iteration":298,"passed_time":0.2162877917,"remaining_time":0.507082749},
{"learn":[8.778833559],"iteration":299,"passed_time":0.2168687083,"remaining_time":0.5060269861},
{"learn":[8.766474248],"iteration":300,"passed_time":0.217346625,"remaining_time":0.5047351856},
{"learn":[8.745071231],"iteration":301,"passed_time":0.2178236667,"remaining_time":0.5034467528},
{"learn":[8.742598418],"iteration":302,"passed_time":0.2182728333,"remaining_time":0.5020995539},
{"learn":[8.72167888],"iteration":303,"passed_time":0.2187832083,"remaining_time":0.500898398},
{"learn":[8.700793218],"iteration":304,"passed_time":0.2192679583,"remaining_time":0.4996433805},
{"learn":[8.688081912],"iteration":305,"passed_time":0.2197201667,"remaining_time":0.4983195937},
{"learn":[8.669971766],"iteration":306,"passed_time":0.2202994167,"remaining_time":0.4972882598},
{"learn":[8.653420404],"iteration":307,"passed_time":0.2208317917,"remaining_time":0.4961545449},
{"learn":[8.628683526],"iteration":308,"passed_time":0.22136475,"remaining_time":0.4950260267},
{"learn":[8.623503274],"iteration":309,"passed_time":0.221748625,"remaining_time":0.4935695202},
{"learn":[8.60568914],"iteration":310,"passed_time":0.2222525833,"remaining_time":0.4923859483},
{"learn":[8.601534824],"iteration":311,"passed_time":0.2227528333,"remaining_time":0.4911985556},
{"learn":[8.577750043],"iteration":312,"passed_time":0.2232561667,"remaining_time":0.4900223211},
{"learn":[8.565357624],"iteration":313,"passed_time":0.2237795833,"remaining_time":0.4888942489},
{"learn":[8.561693585],"iteration":314,"passed_time":0.22424625,"remaining_time":0.4876466071},
{"learn":[8.542980191],"iteration":315,"passed_time":0.2247843333,"remaining_time":0.4865584937},
{"learn":[8.510827626],"iteration":316,"passed_time":0.2253547917,"remaining_time":0.4855436048},
{"learn":[8.495721822],"iteration":317,"passed_time":0.2258660417,"remaining_time":0.4844045296},
{"learn":[8.4890504],"iteration":318,"passed_time":0.2264195417,"remaining_time":0.4833595858},
{"learn":[8.478335574],"iteration":319,"passed_time":0.2269729167,"remaining_time":0.4823174479},
{"learn":[8.466897564],"iteration":320,"passed_time":0.2275145,"remaining_time":0.4812534128},
{"learn":[8.447279355],"iteration":321,"passed_time":0.228109375,"remaining_time":0.4803048331},
{"learn":[8.432833947],"iteration":322,"passed_time":0.2286416667,"remaining_time":0.4792272704},
{"learn":[8.420074462],"iteration":323,"passed_time":0.2291399167,"remaining_time":0.4780820484},
{"learn":[8.406390382],"iteration":324,"passed_time":0.22956325,"remaining_time":0.4767852115},
{"learn":[8.401966792],"iteration":325,"passed_time":0.2302110417,"remaining_time":0.4759577978},
{"learn":[8.390063589],"iteration":326,"passed_time":0.2307464167,"remaining_time":0.4749001175},
{"learn":[8.379916124],"iteration":327,"passed_time":0.2314497083,"remaining_time":0.4741896463},
{"learn":[8.364833853],"iteration":328,"passed_time":0.2319984167,"remaining_time":0.473163944},
{"learn":[8.343290341],"iteration":329,"passed_time":0.2324266667,"remaining_time":0.4718965657},
{"learn":[8.318927508],"iteration":330,"passed_time":0.232983625,"remaining_time":0.4708943961},
{"learn":[8.307225876],"iteration":331,"passed_time":0.2336256667,"remaining_time":0.4700661004},
{"learn":[8.280847226],"iteration":332,"passed_time":0.23412725,"remaining_time":0.4689575848},
{"learn":[8.270474586],"iteration":333,"passed_time":0.234630375,"remaining_time":0.4678557777},
{"learn":[8.251524001],"iteration":334,"passed_time":0.2351535,"remaining_time":0.4667972463},
{"learn":[8.242578347],"iteration":335,"passed_time":0.2356510833,"remaining_time":0.4656914266},
{"learn":[8.229260789],"iteration":336,"passed_time":0.2361860417,"remaining_time":0.4646627467},
{"learn":[8.208733301],"iteration":337,"passed_time":0.236699125,"remaining_time":0.4635941442},
{"learn":[8.19673614],"iteration":338,"passed_time":0.2372370833,"remaining_time":0.4625773218},
{"learn":[8.183664728],"iteration":339,"passed_time":0.2378033333,"remaining_time":0.4616182353},
{"learn":[8.168762575],"iteration":340,"passed_time":0.2384103333,"remaining_time":0.4607402043},
{"learn":[8.152282026],"iteration":341,"passed_time":0.2390384167,"remaining_time":0.4599043221},
{"learn":[8.150325698],"iteration":342,"passed_time":0.2396816667,"remaining_time":0.4590987026},
{"learn":[8.130013913],"iteration":343,"passed_time":0.2401868333,"remaining_time":0.4580307054},
{"learn":[8.120357037],"iteration":344,"passed_time":0.240645125,"remaining_time":0.4568769764},
{"learn":[8.097283909],"iteration":345,"passed_time":0.2411715417,"remaining_time":0.4558560354},
{"learn":[8.088666371],"iteration":346,"passed_time":0.24163925,"remaining_time":0.4547274647},
{"learn":[8.073387991],"iteration":347,"passed_time":0.2424050833,"remaining_time":0.4541612481},
{"learn":[8.062276192],"iteration":348,"passed_time":0.2429744167,"remaining_time":0.4532273503},
{"learn":[8.058466827],"iteration":349,"passed_time":0.2435177917,"remaining_time":0.4522473274},
{"learn":[8.052787496],"iteration":350,"passed_time":0.2440673333,"remaining_time":0.4512811947},
{"learn":[8.048758277],"iteration":351,"passed_time":0.244516625,"remaining_time":0.4501328778},
{"learn":[8.045119514],"iteration":352,"passed_time":0.2450109167,"remaining_time":0.4490710002},
{"learn":[8.034100948],"iteration":353,"passed_time":0.245516,"remaining_time":0.4480320226},
{"learn":[8.013476842],"iteration":354,"passed_time":0.246088125,"remaining_time":0.4471178609},
{"learn":[7.992956596],"iteration":355,"passed_time":0.2465700833,"remaining_time":0.4460425103},
{"learn":[7.983417203],"iteration":356,"passed_time":0.2470347917,"remaining_time":0.4449394147},
{"learn":[7.97623722],"iteration":357,"passed_time":0.2476090833,"remaining_time":0.4440364008},
{"learn":[7.966986194],"iteration":358,"passed_time":0.248137875,"remaining_time":0.4430539774},
{"learn":[7.955719464],"iteration":359,"passed_time":0.248587875,"remaining_time":0.441934},
{"learn":[7.938231585],"iteration":360,"passed_time":0.2490375417,"remaining_time":0.4408171444},
{"learn":[7.926570171],"iteration":361,"passed_time":0.2495619583,"remaining_time":0.4398357166},
{"learn":[7.908728429],"iteration":362,"passed_time":0.250064625,"remaining_time":0.4388186395},
{"learn":[7.894550984],"iteration":363,"passed_time":0.2505565,"remaining_time":0.437785533},
{"learn":[7.883350907],"iteration":364,"passed_time":0.2511130833,"remaining_time":0.4368679669},
{"learn":[7.867322502],"iteration":365,"passed_time":0.2516426667,"remaining_time":0.4359056029},
{"learn":[7.861962543],"iteration":366,"passed_time":0.2521134167,"remaining_time":0.4348441219},
{"learn":[7.860305426],"iteration":367,"passed_time":0.2525805417,"remaining_time":0.4337796259},
{"learn":[7.851653224],"iteration":368,"passed_time":0.2532165833,"remaining_time":0.4330072197},
{"learn":[7.83939873],"iteration":369,"passed_time":0.2538175833,"remaining_time":0.4321758851},
{"learn":[7.827009894],"iteration":370,"passed_time":0.2543513333,"remaining_time":0.4312317754},
{"learn":[7.820782999],"iteration":371,"passed_time":0.2549707083,"remaining_time":0.4304344216},
{"learn":[7.810335947],"iteration":372,"passed_time":0.255554,"remaining_time":0.4295773673},
{"learn":[7.795000529],"iteration":373,"passed_time":0.2560900417,"remaining_time":0.4286426901},
{"learn":[7.773609292],"iteration":374,"passed_time":0.2566694167,"remaining_time":0.4277823611},
{"learn":[7.765707496],"iteration":375,"passed_time":0.2572065,"remaining_time":0.4268533404},
{"learn":[7.754982603],"iteration":376,"passed_time":0.257664375,"remaining_time":0.4257955056},
{"learn":[7.748610081],"iteration":377,"passed_time":0.2581700417,"remaining_time":0.4248194866},
{"learn":[7.732112069],"iteration":378,"passed_time":0.258772,"remaining_time":0.4240037256},
{"learn":[7.717689863],"iteration":379,"passed_time":0.2593169583,"remaining_time":0.4230960899},
{"learn":[7.708756589],"iteration":380,"passed_time":0.25988025,"remaining_time":0.4222201437},
{"learn":[7.699006725],"iteration":381,"passed_time":0.2603663333,"remaining_time":0.4212209267},
{"learn":[7.686282535],"iteration":382,"passed_time":0.2608894167,"remaining_time":0.420283995},
{"learn":[7.675635574],"iteration":383,"passed_time":0.26143775,"remaining_time":0.419389724},
{"learn":[7.660792511],"iteration":384,"passed_time":0.261982875,"remaining_time":0.418492125},
{"learn":[7.656679285],"iteration":385,"passed_time":0.2624609167,"remaining_time":0.4174896446},
{"learn":[7.647701411],"iteration":386,"passed_time":0.263056875,"remaining_time":0.4166766521},
{"learn":[7.642230666],"iteration":387,"passed_time":0.26364425,"remaining_time":0.4158512397},
{"learn":[7.630640724],"iteration":388,"passed_time":0.264245875,"remaining_time":0.4150494335},
{"learn":[7.611969894],"iteration":389,"passed_time":0.264679625,"remaining_time":0.4139860801},
{"learn":[7.608152811],"iteration":390,"passed_time":0.2651285,"remaining_time":0.4129495051},
{"learn":[7.597525871],"iteration":391,"passed_time":0.2655914583,"remaining_time":0.4119377721},
{"learn":[7.590149328],"iteration":392,"passed_time":0.2661643333,"remaining_time":0.4110986014},
{"learn":[7.58101282],"iteration":393,"passed_time":0.266815375,"remaining_time":0.4103810082},
{"learn":[7.559662161],"iteration":394,"passed_time":0.2674699167,"remaining_time":0.4096691129},
{"learn":[7.556647814],"iteration":395,"passed_time":0.2679895,"remaining_time":0.4087516616},
{"learn":[7.542697185],"iteration":396,"passed_time":0.268625375,"remaining_time":0.4080128492},
{"learn":[7.538776886],"iteration":397,"passed_time":0.2691569583,"remaining_time":0.4071168063},
{"learn":[7.534943894],"iteration":398,"passed_time":0.2696614167,"remaining_time":0.4061817329},
{"learn":[7.520248259],"iteration":399,"passed_time":0.270235875,"remaining_time":0.4053538125},
{"learn":[7.507413942],"iteration":400,"passed_time":0.27075425,"remaining_time":0.4044433809},
{"learn":[7.483875857],"iteration":401,"passed_time":0.2714431667,"remaining_time":0.4037885912},
{"learn":[7.481033659],"iteration":402,"passed_time":0.271953,"remaining_time":0.40286834},
{"learn":[7.470370135],"iteration":403,"passed_time":0.272481125,"remaining_time":0.4019771052},
{"learn":[7.463808431],"iteration":404,"passed_time":0.273159,"remaining_time":0.4013076667},
{"learn":[7.462164779],"iteration":405,"passed_time":0.27372925,"remaining_time":0.4004807254},
{"learn":[7.45422246],"iteration":406,"passed_time":0.2743435,"remaining_time":0.3997191536},
{"learn":[7.449831073],"iteration":407,"passed_time":0.27504375,"remaining_time":0.3990830882},
{"learn":[7.438491249],"iteration":408,"passed_time":0.2756503333,"remaining_time":0.3983113619},
{"learn":[7.436731256],"iteration":409,"passed_time":0.2761236667,"remaining_time":0.3973486911},
{"learn":[7.427210656],"iteration":410,"passed_time":0.276574625,"remaining_time":0.3963563361},
{"learn":[7.41994747],"iteration":411,"passed_time":0.277154875,"remaining_time":0.3955511323},
{"learn":[7.411254603],"iteration":412,"passed_time":0.2776729583,"remaining_time":0.3946586599},
{"learn":[7.392653775],"iteration":413,"passed_time":0.2781705833,"remaining_time":0.3937390382},
{"learn":[7.384058824],"iteration":414,"passed_time":0.27863625,"remaining_time":0.3927764006},
{"learn":[7.370342351],"iteration":415,"passed_time":0.2791160417,"remaining_time":0.3918359816},
{"learn":[7.35338094],"iteration":416,"passed_time":0.279748875,"remaining_time":0.3911117365},
{"learn":[7.334899936],"iteration":417,"passed_time":0.2805180417,"remaining_time":0.3905777518},
{"learn":[7.323656018],"iteration":418,"passed_time":0.2811429583,"remaining_time":0.3898426224},
{"learn":[7.314466827],"iteration":419,"passed_time":0.2816564167,"remaining_time":0.3889540992},
{"learn":[7.299045511],"iteration":420,"passed_time":0.2821694167,"remaining_time":0.3880667274},
{"learn":[7.292550341],"iteration":421,"passed_time":0.2827777083,"remaining_time":0.3873116479},
{"learn":[7.280492241],"iteration":422,"passed_time":0.2834262917,"remaining_time":0.3866122229},
{"learn":[7.27148353],"iteration":423,"passed_time":0.2840201667,"remaining_time":0.385838717},
{"learn":[7.256995537],"iteration":424,"passed_time":0.2845954583,"remaining_time":0.3850409142},
{"learn":[7.252080251],"iteration":425,"passed_time":0.2851491667,"remaining_time":0.3842150743},
{"learn":[7.247240402],"iteration":426,"passed_time":0.2855857083,"remaining_time":0.3832332807},
{"learn":[7.235740633],"iteration":427,"passed_time":0.2862405833,"remaining_time":0.3825458263},
{"learn":[7.233072149],"iteration":428,"passed_time":0.2867569167,"remaining_time":0.3816741245},
{"learn":[7.217364411],"iteration":429,"passed_time":0.287295625,"remaining_time":0.3808337355},
{"learn":[7.206108426],"iteration":430,"passed_time":0.287767375,"remaining_time":0.3799063489},
{"learn":[7.194007333],"iteration":431,"passed_time":0.2882847917,"remaining_time":0.379041115},
{"learn":[7.18214114],"iteration":432,"passed_time":0.2888551667,"remaining_time":0.3782468349},
{"learn":[7.164217329],"iteration":433,"passed_time":0.2895175,"remaining_time":0.3775735138},
{"learn":[7.157544609],"iteration":434,"passed_time":0.2899756667,"remaining_time":0.3766350613},
{"learn":[7.150593387],"iteration":435,"passed_time":0.2904663333,"remaining_time":0.3757408532},
{"learn":[7.140464193],"iteration":436,"passed_time":0.2909867083,"remaining_time":0.3748867661},
{"learn":[7.135313947],"iteration":437,"passed_time":0.2914758333,"remaining_time":0.3739941058},
{"learn":[7.129004497],"iteration":438,"passed_time":0.292002,"remaining_time":0.3731506196},
{"learn":[7.113259115],"iteration":439,"passed_time":0.292616375,"remaining_time":0.3724208409},
{"learn":[7.098848037],"iteration":440,"passed_time":0.2932395833,"remaining_time":0.3717027825},
{"learn":[7.092546245],"iteration":441,"passed_time":0.2938720833,"remaining_time":0.3709968835},
{"learn":[7.077357713],"iteration":442,"passed_time":0.2945246667,"remaining_time":0.3703165673},
{"learn":[7.066157425],"iteration":443,"passed_time":0.295026,"remaining_time":0.369446973},
{"learn":[7.05191427],"iteration":444,"passed_time":0.2955630833,"remaining_time":0.3686236208},
{"learn":[7.044961935],"iteration":445,"passed_time":0.2960678333,"remaining_time":0.3677613894},
{"learn":[7.032719817],"iteration":446,"passed_time":0.2964855833,"remaining_time":0.3667931266},
{"learn":[7.019768713],"iteration":447,"passed_time":0.296973125,"remaining_time":0.3659133147},
{"learn":[7.015975845],"iteration":448,"passed_time":0.2974245,"remaining_time":0.3649908675},
{"learn":[7.000964462],"iteration":449,"passed_time":0.2979367083,"remaining_time":0.3641448657},
{"learn":[6.993023555],"iteration":450,"passed_time":0.2984444583,"remaining_time":0.3632949171},
{"learn":[6.991937318],"iteration":451,"passed_time":0.298991625,"remaining_time":0.362494271},
{"learn":[6.981588101],"iteration":452,"passed_time":0.2996189167,"remaining_time":0.3617914954},
{"learn":[6.980514549],"iteration":453,"passed_time":0.3001062083,"remaining_time":0.3609206823},
{"learn":[6.968143494],"iteration":454,"passed_time":0.3006180417,"remaining_time":0.360080951},
{"learn":[6.958093204],"iteration":455,"passed_time":0.3011551667,"remaining_time":0.3592728304},
{"learn":[6.952099205],"iteration":456,"passed_time":0.3016716667,"remaining_time":0.3584413895},
{"learn":[6.941001096],"iteration":457,"passed_time":0.302190875,"remaining_time":0.3576145289},
{"learn":[6.930119313],"iteration":458,"passed_time":0.3026670833,"remaining_time":0.356738327},
{"learn":[6.9211271],"iteration":459,"passed_time":0.3032818333,"remaining_time":0.3560265},
{"learn":[6.914975087],"iteration":460,"passed_time":0.3039379583,"remaining_time":0.3553634697},
{"learn":[6.911407998],"iteration":461,"passed_time":0.3044710417,"remaining_time":0.354557187},
{"learn":[6.90141514],"iteration":462,"passed_time":0.30496825,"remaining_time":0.3537104757},
{"learn":[6.882741399],"iteration":463,"passed_time":0.3054710833,"remaining_time":0.3528717687},
{"learn":[6.874538195],"iteration":464,"passed_time":0.3060330833,"remaining_time":0.3521025797},
{"learn":[6.866770028],"iteration":465,"passed_time":0.306579625,"remaining_time":0.351316566},
{"learn":[6.855785909],"iteration":466,"passed_time":0.3071152083,"remaining_time":0.3505190708},
{"learn":[6.84879615],"iteration":467,"passed_time":0.307568875,"remaining_time":0.3496295759},
{"learn":[6.841036387],"iteration":468,"passed_time":0.308140625,"remaining_time":0.348875633},
{"learn":[6.829534455],"iteration":469,"passed_time":0.3085852083,"remaining_time":0.3479790647},
{"learn":[6.825614644],"iteration":470,"passed_time":0.3091033333,"remaining_time":0.3471670134},
{"learn":[6.815016803],"iteration":471,"passed_time":0.3095839583,"remaining_time":0.3463142585},
{"learn":[6.80018199],"iteration":472,"passed_time":0.3100619167,"remaining_time":0.3454601059},
{"learn":[6.786271324],"iteration":473,"passed_time":0.3106236667,"remaining_time":0.3447005246},
{"learn":[6.780122827],"iteration":474,"passed_time":0.3111337083,"remaining_time":0.343884625},
{"learn":[6.770601855],"iteration":475,"passed_time":0.3115930833,"remaining_time":0.3430142346},
{"learn":[6.757576619],"iteration":476,"passed_time":0.3120790833,"remaining_time":0.3421747601},
{"learn":[6.751930435],"iteration":477,"passed_time":0.3124916667,"remaining_time":0.34125659},
{"learn":[6.748037573],"iteration":478,"passed_time":0.3129825,"remaining_time":0.340425642},
{"learn":[6.742131305],"iteration":479,"passed_time":0.31353825,"remaining_time":0.3396664375},
{"learn":[6.728016796],"iteration":480,"passed_time":0.3139699167,"remaining_time":0.3387741928},
{"learn":[6.721360089],"iteration":481,"passed_time":0.3146689583,"remaining_time":0.3381712042},
{"learn":[6.714901514],"iteration":482,"passed_time":0.3152846667,"remaining_time":0.3374786184},
{"learn":[6.709409774],"iteration":483,"passed_time":0.3158464583,"remaining_time":0.3367288688},
{"learn":[6.694799292],"iteration":484,"passed_time":0.3164871667,"remaining_time":0.3360636924},
{"learn":[6.686649627],"iteration":485,"passed_time":0.3170819167,"remaining_time":0.3353500106},
{"learn":[6.681791795],"iteration":486,"passed_time":0.31767475,"remaining_time":0.3346347983},
{"learn":[6.672614143],"iteration":487,"passed_time":0.3181870417,"remaining_time":0.3338355847},
{"learn":[6.663527966],"iteration":488,"passed_time":0.318727875,"remaining_time":0.3330673704},
{"learn":[6.650060768],"iteration":489,"passed_time":0.3192457083,"remaining_time":0.3322761454},
{"learn":[6.643221282],"iteration":490,"passed_time":0.31974825,"remaining_time":0.3314701818},
{"learn":[6.635822706],"iteration":491,"passed_time":0.3202584583,"remaining_time":0.3306733675},
{"learn":[6.624392646],"iteration":492,"passed_time":0.320812375,"remaining_time":0.3299226656},
{"learn":[6.616085046],"iteration":493,"passed_time":0.321384625,"remaining_time":0.329191539},
{"learn":[6.602354807],"iteration":494,"passed_time":0.3220180833,"remaining_time":0.3285234992},
{"learn":[6.597463087],"iteration":495,"passed_time":0.3225708333,"remaining_time":0.3277735887},
{"learn":[6.591167477],"iteration":496,"passed_time":0.3231145,"remaining_time":0.3270152787},
{"learn":[6.590186364],"iteration":497,"passed_time":0.32367375,"remaining_time":0.3262735392},
{"learn":[6.574071201],"iteration":498,"passed_time":0.324233125,"remaining_time":0.3255326566},
{"learn":[6.558928607],"iteration":499,"passed_time":0.3246807083,"remaining_time":0.3246807083},
{"learn":[6.554569922],"iteration":500,"passed_time":0.3252939167,"remaining_time":0.3239953382},
{"learn":[6.541875093],"iteration":501,"passed_time":0.3259357917,"remaining_time":0.3233386937},
{"learn":[6.534490749],"iteration":502,"passed_time":0.326548375,"remaining_time":0.3226531658},
{"learn":[6.527800708],"iteration":503,"passed_time":0.3269735833,"remaining_time":0.3217835265},
{"learn":[6.514420113],"iteration":504,"passed_time":0.3274529167,"remaining_time":0.3209687005},
{"learn":[6.51088947],"iteration":505,"passed_time":0.327949,"remaining_time":0.3201715534},
{"learn":[6.503080365],"iteration":506,"passed_time":0.32850775,"remaining_time":0.3194365301},
{"learn":[6.501674137],"iteration":507,"passed_time":0.3289969167,"remaining_time":0.3186348091},
{"learn":[6.492652867],"iteration":508,"passed_time":0.3294895,"remaining_time":0.317837612},
{"learn":[6.483461469],"iteration":509,"passed_time":0.3299357083,"remaining_time":0.3169970531},
{"learn":[6.474489719],"iteration":510,"passed_time":0.3304305,"remaining_time":0.3162045294},
{"learn":[6.458806402],"iteration":511,"passed_time":0.3311202083,"remaining_time":0.3155989486},
{"learn":[6.444528174],"iteration":512,"passed_time":0.3316862917,"remaining_time":0.3148756804},
{"learn":[6.4323507],"iteration":513,"passed_time":0.332223625,"remaining_time":0.31412584},
{"learn":[6.423103068],"iteration":514,"passed_time":0.3328017083,"remaining_time":0.3134152011},
{"learn":[6.412579272],"iteration":515,"passed_time":0.3333223333,"remaining_time":0.3126511809},
{"learn":[6.4049864],"iteration":516,"passed_time":0.333688875,"remaining_time":0.3117441521},
{"learn":[6.393955006],"iteration":517,"passed_time":0.3342090417,"remaining_time":0.3109821585},
{"learn":[6.392885518],"iteration":518,"passed_time":0.3346807917,"remaining_time":0.310176225},
{"learn":[6.390599746],"iteration":519,"passed_time":0.3352566667,"remaining_time":0.3094676923},
{"learn":[6.38066521],"iteration":520,"passed_time":0.3358065,"remaining_time":0.3087357265},
{"learn":[6.367594733],"iteration":521,"passed_time":0.3363300417,"remaining_time":0.307980383},
{"learn":[6.357443019],"iteration":522,"passed_time":0.3368549583,"remaining_time":0.30722718},
{"learn":[6.356032623],"iteration":523,"passed_time":0.3374233333,"remaining_time":0.3065143257},
{"learn":[6.348863249],"iteration":524,"passed_time":0.3379427083,"remaining_time":0.3057576885},
{"learn":[6.342060874],"iteration":525,"passed_time":0.338433375,"remaining_time":0.3049760832},
{"learn":[6.329921997],"iteration":526,"passed_time":0.3389840417,"remaining_time":0.304249434},
{"learn":[6.321974466],"iteration":527,"passed_time":0.3395159167,"remaining_time":0.3035066528},
{"learn":[6.316825081],"iteration":528,"passed_time":0.3399816667,"remaining_time":0.302705794},
{"learn":[6.313263708],"iteration":529,"passed_time":0.34054375,"remaining_time":0.3019916274},
{"learn":[6.303016284],"iteration":530,"passed_time":0.341198,"remaining_time":0.3013594388},
{"learn":[6.287225017],"iteration":531,"passed_time":0.3416287917,"remaining_time":0.3005305912},
{"learn":[6.271577796],"iteration":532,"passed_time":0.3421610417,"remaining_time":0.2997921322},
{"learn":[6.267378522],"iteration":533,"passed_time":0.342572125,"remaining_time":0.2989487083},
{"learn":[6.26024427],"iteration":534,"passed_time":0.3431000833,"remaining_time":0.2982084836},
{"learn":[6.257774696],"iteration":535,"passed_time":0.3436139583,"remaining_time":0.2974568595},
{"learn":[6.252689097],"iteration":536,"passed_time":0.344176,"remaining_time":0.2967476499},
{"learn":[6.23725093],"iteration":537,"passed_time":0.344685375,"remaining_time":0.2959937607},
{"learn":[6.224298867],"iteration":538,"passed_time":0.345295875,"remaining_time":0.2953272697},
{"learn":[6.213821484],"iteration":539,"passed_time":0.345958375,"remaining_time":0.2947052824},
{"learn":[6.208295227],"iteration":540,"passed_time":0.3464612083,"remaining_time":0.2939476795},
{"learn":[6.201045896],"iteration":541,"passed_time":0.3469690833,"remaining_time":0.2931952771},
{"learn":[6.194250041],"iteration":542,"passed_time":0.3476601667,"remaining_time":0.2925979672},
{"learn":[6.181207951],"iteration":543,"passed_time":0.34821375,"remaining_time":0.2918850551},
{"learn":[6.173154803],"iteration":544,"passed_time":0.3488137083,"remaining_time":0.2912114446},
{"learn":[6.156294284],"iteration":545,"passed_time":0.3492981667,"remaining_time":0.2904420653},
{"learn":[6.148570556],"iteration":546,"passed_time":0.3498779583,"remaining_time":0.2897526785},
{"learn":[6.144880001],"iteration":547,"passed_time":0.350465875,"remaining_time":0.2890703932},
{"learn":[6.141512316],"iteration":548,"passed_time":0.3509360833,"remaining_time":0.2882917552},
{"learn":[6.129730631],"iteration":549,"passed_time":0.3514490833,"remaining_time":0.28754925},
{"learn":[6.120980749],"iteration":550,"passed_time":0.3519274167,"remaining_time":0.2867793286},
{"learn":[6.112464945],"iteration":551,"passed_time":0.352361625,"remaining_time":0.2859746522},
{"learn":[6.106552788],"iteration":552,"passed_time":0.3528070833,"remaining_time":0.2851804091},
{"learn":[6.102990948],"iteration":553,"passed_time":0.353304875,"remaining_time":0.2844295564},
{"learn":[6.092975938],"iteration":554,"passed_time":0.3538732083,"remaining_time":0.2837361761},
{"learn":[6.08769039],"iteration":555,"passed_time":0.3543222083,"remaining_time":0.2829479505},
{"learn":[6.086353089],"iteration":556,"passed_time":0.3549160417,"remaining_time":0.2822761337},
{"learn":[6.079478088],"iteration":557,"passed_time":0.3554553333,"remaining_time":0.2815613931},
{"learn":[6.073778937],"iteration":558,"passed_time":0.3559842917,"remaining_time":0.2808391281},
{"learn":[6.062925334],"iteration":559,"passed_time":0.3565565417,"remaining_time":0.2801515685},
{"learn":[6.054212939],"iteration":560,"passed_time":0.357033875,"remaining_time":0.2793901446},
{"learn":[6.041146972],"iteration":561,"passed_time":0.3575512083,"remaining_time":0.2786609061},
{"learn":[6.03620261],"iteration":562,"passed_time":0.3579363333,"remaining_time":0.2778298005},
{"learn":[6.032787954],"iteration":563,"passed_time":0.3584611667,"remaining_time":0.2771082778},
{"learn":[6.021207984],"iteration":564,"passed_time":0.3589582083,"remaining_time":0.2763660542},
{"learn":[6.01676642],"iteration":565,"passed_time":0.3595489583,"remaining_time":0.2756965511},
{"learn":[6.014608141],"iteration":566,"passed_time":0.360050375,"remaining_time":0.2749591047},
{"learn":[6.008260443],"iteration":567,"passed_time":0.3606516667,"remaining_time":0.2742984507},
{"learn":[5.995677592],"iteration":568,"passed_time":0.3611350833,"remaining_time":0.2735487187},
{"learn":[5.990013144],"iteration":569,"passed_time":0.3617437083,"remaining_time":0.2728943765},
{"learn":[5.979789325],"iteration":570,"passed_time":0.3620548333,"remaining_time":0.2720166786},
{"learn":[5.96810248],"iteration":571,"passed_time":0.3626419583,"remaining_time":0.2713474793},
{"learn":[5.962442427],"iteration":572,"passed_time":0.3632394167,"remaining_time":0.2706862669},
{"learn":[5.956655892],"iteration":573,"passed_time":0.3636850417,"remaining_time":0.2699125919},
{"learn":[5.950081069],"iteration":574,"passed_time":0.364233625,"remaining_time":0.2692161576},
{"learn":[5.93929995],"iteration":575,"passed_time":0.36473475,"remaining_time":0.2684853021},
{"learn":[5.937777532],"iteration":576,"passed_time":0.365230375,"remaining_time":0.2677512108},
{"learn":[5.928502573],"iteration":577,"passed_time":0.3658517083,"remaining_time":0.2671097248},
{"learn":[5.92631785],"iteration":578,"passed_time":0.3663859167,"remaining_time":0.2664049584},
{"learn":[5.914036496],"iteration":579,"passed_time":0.36690975,"remaining_time":0.2656932672},
{"learn":[5.911796643],"iteration":580,"passed_time":0.367469625,"remaining_time":0.2650082149},
{"learn":[5.904603709],"iteration":581,"passed_time":0.3679794583,"remaining_time":0.2642876522},
{"learn":[5.89678067],"iteration":582,"passed_time":0.368528125,"remaining_time":0.2635955886},
{"learn":[5.887439191],"iteration":583,"passed_time":0.3691402083,"remaining_time":0.2629491895},
{"learn":[5.879092577],"iteration":584,"passed_time":0.369652875,"remaining_time":0.2622323814},
{"learn":[5.876287102],"iteration":585,"passed_time":0.3702211667,"remaining_time":0.2615555683},
{"learn":[5.871844375],"iteration":586,"passed_time":0.3707412917,"remaining_time":0.2608452359},
{"learn":[5.870516267],"iteration":587,"passed_time":0.3713315,"remaining_time":0.2601846565},
{"learn":[5.86047015],"iteration":588,"passed_time":0.3719942917,"remaining_time":0.2595749641},
{"learn":[5.851271153],"iteration":589,"passed_time":0.3725455,"remaining_time":0.2588875508},
{"learn":[5.840965195],"iteration":590,"passed_time":0.37303825,"remaining_time":0.2581601426},
{"learn":[5.837744155],"iteration":591,"passed_time":0.37360625,"remaining_time":0.2574853885},
{"learn":[5.827716024],"iteration":592,"passed_time":0.3741010833,"remaining_time":0.2567607773},
{"learn":[5.820381446],"iteration":593,"passed_time":0.3746375,"remaining_time":0.256065362},
{"learn":[5.811720489],"iteration":594,"passed_time":0.375262875,"remaining_time":0.2554310326},
{"learn":[5.800697956],"iteration":595,"passed_time":0.3759385,"remaining_time":0.2548307953},
{"learn":[5.789188212],"iteration":596,"passed_time":0.376468125,"remaining_time":0.2541317494},
{"learn":[5.787436921],"iteration":597,"passed_time":0.3769292083,"remaining_time":0.2533871936},
{"learn":[5.780630179],"iteration":598,"passed_time":0.3774315,"remaining_time":0.2526711711},
{"learn":[5.779431025],"iteration":599,"passed_time":0.3779449167,"remaining_time":0.2519632778},
{"learn":[5.77735766],"iteration":600,"passed_time":0.3785211667,"remaining_time":0.2512977463},
{"learn":[5.775395953],"iteration":601,"passed_time":0.3790765,"remaining_time":0.2506186827},
{"learn":[5.769714411],"iteration":602,"passed_time":0.379564125,"remaining_time":0.2498954521},
{"learn":[5.759540347],"iteration":603,"passed_time":0.3800522917,"remaining_time":0.2491733568},
{"learn":[5.744578141],"iteration":604,"passed_time":0.38053,"remaining_time":0.2484452066},
{"learn":[5.740994696],"iteration":605,"passed_time":0.3810225417,"remaining_time":0.2477275271},
{"learn":[5.729020539],"iteration":606,"passed_time":0.381581875,"remaining_time":0.2470538334},
{"learn":[5.726862663],"iteration":607,"passed_time":0.382042,"remaining_time":0.2463165526},
{"learn":[5.724042141],"iteration":608,"passed_time":0.38242125,"remaining_time":0.2455282574},
{"learn":[5.716701337],"iteration":609,"passed_time":0.3828987917,"remaining_time":0.2448041455},
{"learn":[5.707117943],"iteration":610,"passed_time":0.3834750833,"remaining_time":0.244143711},
{"learn":[5.70411755],"iteration":611,"passed_time":0.383948875,"remaining_time":0.2434185678},
{"learn":[5.689645216],"iteration":612,"passed_time":0.3845335417,"remaining_time":0.2427642425},
{"learn":[5.676277535],"iteration":613,"passed_time":0.385089125,"remaining_time":0.2420918603},
{"learn":[5.672320243],"iteration":614,"passed_time":0.3856540417,"remaining_time":0.2414257009},
{"learn":[5.664914695],"iteration":615,"passed_time":0.386056625,"remaining_time":0.2406586753},
{"learn":[5.658721753],"iteration":616,"passed_time":0.3865195417,"remaining_time":0.2399302828},
{"learn":[5.655609954],"iteration":617,"passed_time":0.3871325,"remaining_time":0.2392954935},
{"learn":[5.652168621],"iteration":618,"passed_time":0.3876612083,"remaining_time":0.2386089182},
{"learn":[5.644470254],"iteration":619,"passed_time":0.38817325,"remaining_time":0.2379126371},
{"learn":[5.635702009],"iteration":620,"passed_time":0.3886817917,"remaining_time":0.2372148133},
{"learn":[5.630423357],"iteration":621,"passed_time":0.3892716667,"remaining_time":0.2365670257},
{"learn":[5.615425706],"iteration":622,"passed_time":0.3898714167,"remaining_time":0.2359253998},
{"learn":[5.613647704],"iteration":623,"passed_time":0.3902912917,"remaining_time":0.2351755219},
{"learn":[5.606931612],"iteration":624,"passed_time":0.3908569583,"remaining_time":0.234514175},
{"learn":[5.599625639],"iteration":625,"passed_time":0.3913790417,"remaining_time":0.2338270952},
{"learn":[5.594856215],"iteration":626,"passed_time":0.3919525833,"remaining_time":0.233171154},
{"learn":[5.586417677],"iteration":627,"passed_time":0.392495875,"remaining_time":0.2324975565},
{"learn":[5.584567658],"iteration":628,"passed_time":0.3929820833,"remaining_time":0.2317907042},
{"learn":[5.572478278],"iteration":629,"passed_time":0.3934375417,"remaining_time":0.2310664927},
{"learn":[5.564615194],"iteration":630,"passed_time":0.393910125,"remaining_time":0.2303531476},
{"learn":[5.555319117],"iteration":631,"passed_time":0.394486625,"remaining_time":0.2297010728},
{"learn":[5.544128596],"iteration":632,"passed_time":0.394978625,"remaining_time":0.2290002455},
{"learn":[5.533018247],"iteration":633,"passed_time":0.395465375,"remaining_time":0.2282970461},
{"learn":[5.522685481],"iteration":634,"passed_time":0.3959598333,"remaining_time":0.2275989593},
{"learn":[5.518831197],"iteration":635,"passed_time":0.3964176667,"remaining_time":0.2268805514},
{"learn":[5.510096904],"iteration":636,"passed_time":0.3969268333,"remaining_time":0.2261922143},
{"learn":[5.507808796],"iteration":637,"passed_time":0.3973351667,"remaining_time":0.2254472262},
{"learn":[5.506542892],"iteration":638,"passed_time":0.3978515,"remaining_time":0.2247643059},
{"learn":[5.503140458],"iteration":639,"passed_time":0.3983239167,"remaining_time":0.2240572031},
{"learn":[5.496736141],"iteration":640,"passed_time":0.3988286667,"remaining_time":0.2233689412},
{"learn":[5.486193878],"iteration":641,"passed_time":0.399371875,"remaining_time":0.2227026967},
{"learn":[5.482978109],"iteration":642,"passed_time":0.3998493333,"remaining_time":0.2220003297},
{"learn":[5.47188984],"iteration":643,"passed_time":0.4003037083,"remaining_time":0.2212859009},
{"learn":[5.465316547],"iteration":644,"passed_time":0.4007525417,"remaining_time":0.2205692284},
{"learn":[5.457979362],"iteration":645,"passed_time":0.401279,"remaining_time":0.2198959226},
{"learn":[5.450459347],"iteration":646,"passed_time":0.4018367917,"remaining_time":0.2192401661},
{"learn":[5.440062292],"iteration":647,"passed_time":0.402322375,"remaining_time":0.2185454877},
{"learn":[5.432069087],"iteration":648,"passed_time":0.4027867917,"remaining_time":0.217840006},
{"learn":[5.422232128],"iteration":649,"passed_time":0.4033195833,"remaining_time":0.2171720833},
{"learn":[5.411303019],"iteration":650,"passed_time":0.4038264167,"remaining_time":0.2164906596},
{"learn":[5.402905506],"iteration":651,"passed_time":0.4043937083,"remaining_time":0.2158420406},
{"learn":[5.39907011],"iteration":652,"passed_time":0.4048862083,"remaining_time":0.2151539269},
{"learn":[5.391376252],"iteration":653,"passed_time":0.4053194167,"remaining_time":0.2144350431},
{"learn":[5.382518363],"iteration":654,"passed_time":0.4058055,"remaining_time":0.2137448817},
{"learn":[5.377239772],"iteration":655,"passed_time":0.406358375,"remaining_time":0.2130903674},
{"learn":[5.368164788],"iteration":656,"passed_time":0.4068521667,"remaining_time":0.2124053168},
{"learn":[5.366741909],"iteration":657,"passed_time":0.4075110833,"remaining_time":0.2118066725},
{"learn":[5.36032162],"iteration":658,"passed_time":0.4081256667,"remaining_time":0.2111849049},
{"learn":[5.354754988],"iteration":659,"passed_time":0.40866375,"remaining_time":0.21052375},
{"learn":[5.345976908],"iteration":660,"passed_time":0.4091788333,"remaining_time":0.2098511717},
{"learn":[5.340175932],"iteration":661,"passed_time":0.4097430417,"remaining_time":0.2092041512},
{"learn":[5.335143121],"iteration":662,"passed_time":0.4101950417,"remaining_time":0.2085003455},
{"learn":[5.330652295],"iteration":663,"passed_time":0.4106986667,"remaining_time":0.2078234217},
{"learn":[5.326409786],"iteration":664,"passed_time":0.41138325,"remaining_time":0.2072381786},
{"learn":[5.320632027],"iteration":665,"passed_time":0.4118474167,"remaining_time":0.2065420978},
{"learn":[5.319545781],"iteration":666,"passed_time":0.4123482083,"remaining_time":0.2058649976},
{"learn":[5.312505788],"iteration":667,"passed_time":0.412788875,"remaining_time":0.2051585427},
{"learn":[5.303324176],"iteration":668,"passed_time":0.4133461667,"remaining_time":0.2045105847},
{"learn":[5.296599808],"iteration":669,"passed_time":0.41387825,"remaining_time":0.2038504813},
{"learn":[5.294179686],"iteration":670,"passed_time":0.4143722083,"remaining_time":0.2031720664},
{"learn":[5.292363829],"iteration":671,"passed_time":0.4149705833,"remaining_time":0.2025451657},
{"learn":[5.283588371],"iteration":672,"passed_time":0.4154493333,"remaining_time":0.2018602259},
{"learn":[5.282746215],"iteration":673,"passed_time":0.4160542917,"remaining_time":0.2012369423},
{"learn":[5.269147504],"iteration":674,"passed_time":0.416674,"remaining_time":0.2006208148},
{"learn":[5.268259111],"iteration":675,"passed_time":0.417190125,"remaining_time":0.1999550303},
{"learn":[5.26235552],"iteration":676,"passed_time":0.4178607917,"remaining_time":0.1993634205},
{"learn":[5.252291331],"iteration":677,"passed_time":0.4184045833,"remaining_time":0.1987113213},
{"learn":[5.245467302],"iteration":678,"passed_time":0.4188377917,"remaining_time":0.1980072623},
{"learn":[5.242806931],"iteration":679,"passed_time":0.4193417083,"remaining_time":0.1973372745},
{"learn":[5.236636103],"iteration":680,"passed_time":0.4198679583,"remaining_time":0.196678236},
{"learn":[5.235082239],"iteration":681,"passed_time":0.4204320417,"remaining_time":0.1960372276},
{"learn":[5.232674243],"iteration":682,"passed_time":0.4209417083,"remaining_time":0.1953711882},
{"learn":[5.227464299],"iteration":683,"passed_time":0.421646625,"remaining_time":0.1947958092},
{"learn":[5.222602644],"iteration":684,"passed_time":0.4223714167,"remaining_time":0.1942291916},
{"learn":[5.212510656],"iteration":685,"passed_time":0.4229793333,"remaining_time":0.1936086161},
{"learn":[5.207053059],"iteration":686,"passed_time":0.4237865417,"remaining_time":0.1930788756},
{"learn":[5.206275486],"iteration":687,"passed_time":0.4244038333,"remaining_time":0.1924622035},
{"learn":[5.199832166],"iteration":688,"passed_time":0.4251999167,"remaining_time":0.1919262323},
{"learn":[5.193644818],"iteration":689,"passed_time":0.425970375,"remaining_time":0.1913779946},
{"learn":[5.191947925],"iteration":690,"passed_time":0.4266489167,"remaining_time":0.1907880105},
{"learn":[5.181789217],"iteration":691,"passed_time":0.4274744167,"remaining_time":0.1902631797},
{"learn":[5.178256919],"iteration":692,"passed_time":0.4283188333,"remaining_time":0.1897458612},
{"learn":[5.174551811],"iteration":693,"passed_time":0.4290008333,"remaining_time":0.189155987},
{"learn":[5.172478728],"iteration":694,"passed_time":0.4297862917,"remaining_time":0.1886112503},
{"learn":[5.17047525],"iteration":695,"passed_time":0.4304310417,"remaining_time":0.188004363},
{"learn":[5.161982477],"iteration":696,"passed_time":0.431284625,"remaining_time":0.1874881512},
{"learn":[5.156752193],"iteration":697,"passed_time":0.4319994167,"remaining_time":0.1869109224},
{"learn":[5.152691729],"iteration":698,"passed_time":0.4328747083,"remaining_time":0.1864024137},
{"learn":[5.151420055],"iteration":699,"passed_time":0.4335695,"remaining_time":0.1858155},
{"learn":[5.145304103],"iteration":700,"passed_time":0.44683325,"remaining_time":0.1905893606},
{"learn":[5.139719665],"iteration":701,"passed_time":0.453565,"remaining_time":0.1925389886},
{"learn":[5.126467012],"iteration":702,"passed_time":0.4540660833,"remaining_time":0.191831617},
{"learn":[5.116107258],"iteration":703,"passed_time":0.4547151667,"remaining_time":0.1911870587},
{"learn":[5.108147307],"iteration":704,"passed_time":0.455242875,"remaining_time":0.1904916995},
{"learn":[5.102993051],"iteration":705,"passed_time":0.4559319167,"remaining_time":0.1898639993},
{"learn":[5.097719304],"iteration":706,"passed_time":0.456549,"remaining_time":0.1892063041},
{"learn":[5.092558617],"iteration":707,"passed_time":0.4573291667,"remaining_time":0.188615984},
{"learn":[5.082521351],"iteration":708,"passed_time":0.458214875,"remaining_time":0.1880684466},
{"learn":[5.081745953],"iteration":709,"passed_time":0.4598156667,"remaining_time":0.1878120329},
{"learn":[5.077335153],"iteration":710,"passed_time":0.46065325,"remaining_time":0.1872416164},
{"learn":[5.076732521],"iteration":711,"passed_time":0.4614575,"remaining_time":0.1866569663},
{"learn":[5.066656407],"iteration":712,"passed_time":0.462281875,"remaining_time":0.186079801},
{"learn":[5.066002912],"iteration":713,"passed_time":0.4634394583,"remaining_time":0.1856354133},
{"learn":[5.063531278],"iteration":714,"passed_time":0.464117125,"remaining_time":0.1849977351},
{"learn":[5.052594744],"iteration":715,"passed_time":0.4647016667,"remaining_time":0.1843230074},
{"learn":[5.049412618],"iteration":716,"passed_time":0.4654188333,"remaining_time":0.1837008784},
{"learn":[5.039076507],"iteration":717,"passed_time":0.4662370417,"remaining_time":0.1831181696},
{"learn":[5.02777054],"iteration":718,"passed_time":0.4668769583,"remaining_time":0.1824651256},
{"learn":[5.018284952],"iteration":719,"passed_time":0.4672927917,"remaining_time":0.1817249745},
{"learn":[5.014720614],"iteration":720,"passed_time":0.467874125,"remaining_time":0.1810497654},
{"learn":[5.008981413],"iteration":721,"passed_time":0.4684384583,"remaining_time":0.1803682707},
{"learn":[5.002611591],"iteration":722,"passed_time":0.4689337083,"remaining_time":0.1796606324},
{"learn":[5.000070121],"iteration":723,"passed_time":0.4694804583,"remaining_time":0.1789732134},
{"learn":[4.990665222],"iteration":724,"passed_time":0.47003525,"remaining_time":0.1782892328},
{"learn":[4.988246658],"iteration":725,"passed_time":0.4704874583,"remaining_time":0.177566892},
{"learn":[4.982488283],"iteration":726,"passed_time":0.4710145417,"remaining_time":0.1768734111},
{"learn":[4.981506598],"iteration":727,"passed_time":0.4715475833,"remaining_time":0.1761826136},
{"learn":[4.974224396],"iteration":728,"passed_time":0.472163,"remaining_time":0.1755228711},
{"learn":[4.965929488],"iteration":729,"passed_time":0.4726339167,"remaining_time":0.1748098048},
{"learn":[4.95735273],"iteration":730,"passed_time":0.47314525,"remaining_time":0.1741122739},
{"learn":[4.951292275],"iteration":731,"passed_time":0.4737184167,"remaining_time":0.1734378903},
{"learn":[4.945522794],"iteration":732,"passed_time":0.4742699167,"remaining_time":0.1727558905},
{"learn":[4.940407471],"iteration":733,"passed_time":0.474797375,"remaining_time":0.1720655337},
{"learn":[4.932787282],"iteration":734,"passed_time":0.4752557083,"remaining_time":0.1713506976},
{"learn":[4.931124954],"iteration":735,"passed_time":0.4757445,"remaining_time":0.1706474837},
{"learn":[4.928372204],"iteration":736,"passed_time":0.476239375,"remaining_time":0.1699470226},
{"learn":[4.924551306],"iteration":737,"passed_time":0.4767257083,"remaining_time":0.1692440862},
{"learn":[4.923632768],"iteration":738,"passed_time":0.47719,"remaining_time":0.1685339513},
{"learn":[4.919594048],"iteration":739,"passed_time":0.4778,"remaining_time":0.1678756757},
{"learn":[4.917580794],"iteration":740,"passed_time":0.478425625,"remaining_time":0.1672229917},
{"learn":[4.906885899],"iteration":741,"passed_time":0.479053125,"remaining_time":0.1665710327},
{"learn":[4.904737869],"iteration":742,"passed_time":0.4796729583,"remaining_time":0.1659164876},
{"learn":[4.902380636],"iteration":743,"passed_time":0.480213,"remaining_time":0.1652345806},
{"learn":[4.901699079],"iteration":744,"passed_time":0.4807796667,"remaining_time":0.1645621678},
{"learn":[4.897375101],"iteration":745,"passed_time":0.481271625,"remaining_time":0.1638646015},
{"learn":[4.887508464],"iteration":746,"passed_time":0.4818215833,"remaining_time":0.1631872297},
{"learn":[4.886946277],"iteration":747,"passed_time":0.482344375,"remaining_time":0.1625010461},
{"learn":[4.881940583],"iteration":748,"passed_time":0.4829631667,"remaining_time":0.1618474697},
{"learn":[4.875185042],"iteration":749,"passed_time":0.4834035,"remaining_time":0.1611345},
{"learn":[4.868408167],"iteration":750,"passed_time":0.48409825,"remaining_time":0.1605066102},
{"learn":[4.857205992],"iteration":751,"passed_time":0.4847102083,"remaining_time":0.1598512389},
{"learn":[4.854475441],"iteration":752,"passed_time":0.48520675,"remaining_time":0.1591581238},
{"learn":[4.844134177],"iteration":753,"passed_time":0.48570775,"remaining_time":0.1584669847},
{"learn":[4.839193358],"iteration":754,"passed_time":0.4862235833,"remaining_time":0.1577811628},
{"learn":[4.828026601],"iteration":755,"passed_time":0.4867086667,"remaining_time":0.157085866},
{"learn":[4.825049205],"iteration":756,"passed_time":0.487271375,"remaining_time":0.1564160424},
{"learn":[4.817760643],"iteration":757,"passed_time":0.4877410417,"remaining_time":0.1557167969},
{"learn":[4.813962504],"iteration":758,"passed_time":0.48840475,"remaining_time":0.1550797691},
{"learn":[4.811204745],"iteration":759,"passed_time":0.4889374583,"remaining_time":0.1544013026},
{"learn":[4.803334976],"iteration":760,"passed_time":0.4896417917,"remaining_time":0.1537771199},
{"learn":[4.796438865],"iteration":761,"passed_time":0.490300875,"remaining_time":0.1531385935},
{"learn":[4.785086561],"iteration":762,"passed_time":0.491053375,"remaining_time":0.15252903},
{"learn":[4.775044433],"iteration":763,"passed_time":0.49174,"remaining_time":0.1518987435},
{"learn":[4.772457806],"iteration":764,"passed_time":0.4923312917,"remaining_time":0.1512390242},
{"learn":[4.767123386],"iteration":765,"passed_time":0.4927661667,"remaining_time":0.150531701},
{"learn":[4.765578353],"iteration":766,"passed_time":0.493301875,"remaining_time":0.1498557195},
{"learn":[4.764949373],"iteration":767,"passed_time":0.4939112917,"remaining_time":0.1492023694},
{"learn":[4.760175327],"iteration":768,"passed_time":0.494486,"remaining_time":0.1485387074},
{"learn":[4.754160762],"iteration":769,"passed_time":0.4950096667,"remaining_time":0.1478600303},
{"learn":[4.74607402],"iteration":770,"passed_time":0.495645625,"remaining_time":0.1472151078},
{"learn":[4.742217091],"iteration":771,"passed_time":0.4962821667,"remaining_time":0.1465703808},
{"learn":[4.740741005],"iteration":772,"passed_time":0.4969724583,"remaining_time":0.1459414593},
{"learn":[4.725960306],"iteration":773,"passed_time":0.4974225,"remaining_time":0.1452422287},
{"learn":[4.723791118],"iteration":774,"passed_time":0.4981094167,"remaining_time":0.1446124113},
{"learn":[4.713528435],"iteration":775,"passed_time":0.498702125,"remaining_time":0.1439552526},
{"learn":[4.712236651],"iteration":776,"passed_time":0.4994165417,"remaining_time":0.1433331902},
{"learn":[4.701390353],"iteration":777,"passed_time":0.4999894167,"remaining_time":0.1426705019},
{"learn":[4.690446372],"iteration":778,"passed_time":0.500569125,"remaining_time":0.1420099828},
{"learn":[4.682049401],"iteration":779,"passed_time":0.5010649583,"remaining_time":0.1413260139},
{"learn":[4.676907918],"iteration":780,"passed_time":0.501783625,"remaining_time":0.1407050114},
{"learn":[4.671093233],"iteration":781,"passed_time":0.5022650417,"remaining_time":0.1400176203},
{"learn":[4.666062041],"iteration":782,"passed_time":0.5028470417,"remaining_time":0.139358631},
{"learn":[4.660062823],"iteration":783,"passed_time":0.5033981667,"remaining_time":0.1386913316},
{"learn":[4.650834194],"iteration":784,"passed_time":0.5040392917,"remaining_time":0.138048978},
{"learn":[4.645783189],"iteration":785,"passed_time":0.5046151667,"remaining_time":0.1373888622},
{"learn":[4.644603097],"iteration":786,"passed_time":0.5052493333,"remaining_time":0.136744737},
{"learn":[4.638976336],"iteration":787,"passed_time":0.5057792083,"remaining_time":0.1360725789},
{"learn":[4.631898076],"iteration":788,"passed_time":0.506324875,"remaining_time":0.1354050046},
{"learn":[4.629234627],"iteration":789,"passed_time":0.5067814583,"remaining_time":0.1347140585},
{"learn":[4.621140274],"iteration":790,"passed_time":0.5074184167,"remaining_time":0.1340713642},
{"learn":[4.619727397],"iteration":791,"passed_time":0.5080640833,"remaining_time":0.1334309714},
{"learn":[4.615816803],"iteration":792,"passed_time":0.50870575,"remaining_time":0.1327895211},
{"learn":[4.607817739],"iteration":793,"passed_time":0.5092507917,"remaining_time":0.1321230014},
{"learn":[4.606353914],"iteration":794,"passed_time":0.5099368333,"remaining_time":0.1314931457},
{"learn":[4.604209763],"iteration":795,"passed_time":0.5105970417,"remaining_time":0.1308565283},
{"learn":[4.601641757],"iteration":796,"passed_time":0.5112404583,"remaining_time":0.1302155747},
{"learn":[4.593623082],"iteration":797,"passed_time":0.5118145417,"remaining_time":0.1295570644},
{"learn":[4.58467228],"iteration":798,"passed_time":0.51233325,"remaining_time":0.1288848351},
{"learn":[4.582621934],"iteration":799,"passed_time":0.512895375,"remaining_time":0.1282238437},
{"learn":[4.57441977],"iteration":800,"passed_time":0.5135633333,"remaining_time":0.1275893924},
{"learn":[4.569150305],"iteration":801,"passed_time":0.5141985,"remaining_time":0.1269467618},
{"learn":[4.563013454],"iteration":802,"passed_time":0.5146546667,"remaining_time":0.1262602358},
{"learn":[4.562329374],"iteration":803,"passed_time":0.5151077083,"remaining_time":0.1255735209},
{"learn":[4.554623053],"iteration":804,"passed_time":0.5156612917,"remaining_time":0.1249117415},
{"learn":[4.547921735],"iteration":805,"passed_time":0.5161232917,"remaining_time":0.1242281868},
{"learn":[4.547193184],"iteration":806,"passed_time":0.5166889583,"remaining_time":0.1235699739},
{"learn":[4.536152803],"iteration":807,"passed_time":0.517289375,"remaining_time":0.1229202475},
{"learn":[4.531839605],"iteration":808,"passed_time":0.517850625,"remaining_time":0.122261396},
{"learn":[4.524387477],"iteration":809,"passed_time":0.51837225,"remaining_time":0.1215934907},
{"learn":[4.521516463],"iteration":810,"passed_time":0.5188774583,"remaining_time":0.1209221204},
{"learn":[4.515253132],"iteration":811,"passed_time":0.5195709167,"remaining_time":0.1202947443},
{"learn":[4.51331249],"iteration":812,"passed_time":0.5201454583,"remaining_time":0.1196398533},
{"learn":[4.511135717],"iteration":813,"passed_time":0.520723,"remaining_time":0.1189858452},
{"learn":[4.506317882],"iteration":814,"passed_time":0.5212474583,"remaining_time":0.1183199752},
{"learn":[4.505917765],"iteration":815,"passed_time":0.5217880417,"remaining_time":0.1176580878},
{"learn":[4.504141871],"iteration":816,"passed_time":0.522284,"remaining_time":0.1169865018},
{"learn":[4.493497293],"iteration":817,"passed_time":0.522812625,"remaining_time":0.1163226134},
{"learn":[4.485082545],"iteration":818,"passed_time":0.5233970417,"remaining_time":0.1156713853},
{"learn":[4.481243274],"iteration":819,"passed_time":0.523916,"remaining_time":0.1150059512},
{"learn":[4.479700122],"iteration":820,"passed_time":0.5245355,"remaining_time":0.1143627948},
{"learn":[4.472670159],"iteration":821,"passed_time":0.5251017083,"remaining_time":0.1137081558},
{"learn":[4.470459149],"iteration":822,"passed_time":0.5255217917,"remaining_time":0.1130223051},
{"learn":[4.468124337],"iteration":823,"passed_time":0.526020625,"remaining_time":0.1123539199},
{"learn":[4.462433981],"iteration":824,"passed_time":0.5264985417,"remaining_time":0.1116815088},
{"learn":[4.459984283],"iteration":825,"passed_time":0.5271327917,"remaining_time":0.1110425009},
{"learn":[4.454835264],"iteration":826,"passed_time":0.5276874583,"remaining_time":0.1103868565},
{"learn":[4.450067611],"iteration":827,"passed_time":0.5282034167,"remaining_time":0.1097234151},
{"learn":[4.439655136],"iteration":828,"passed_time":0.5287827083,"remaining_time":0.1090733934},
{"learn":[4.438375168],"iteration":829,"passed_time":0.5293844583,"remaining_time":0.1084281421},
{"learn":[4.429795775],"iteration":830,"passed_time":0.530075875,"remaining_time":0.1078012309},
{"learn":[4.421153404],"iteration":831,"passed_time":0.5306597083,"remaining_time":0.1071524411},
{"learn":[4.411850333],"iteration":832,"passed_time":0.5312405417,"remaining_time":0.1065032058},
{"learn":[4.409406378],"iteration":833,"passed_time":0.5317431667,"remaining_time":0.1058385679},
{"learn":[4.407634484],"iteration":834,"passed_time":0.5324065,"remaining_time":0.1052060749},
{"learn":[4.403261943],"iteration":835,"passed_time":0.533003375,"remaining_time":0.1045604707},
{"learn":[4.400113828],"iteration":836,"passed_time":0.5336415833,"remaining_time":0.1039230324},
{"learn":[4.392663676],"iteration":837,"passed_time":0.5341819167,"remaining_time":0.1032666712},
{"learn":[4.390278529],"iteration":838,"passed_time":0.5347283333,"remaining_time":0.1026117541},
{"learn":[4.382336418],"iteration":839,"passed_time":0.535260875,"remaining_time":0.1019544524},
{"learn":[4.377406815],"iteration":840,"passed_time":0.535850125,"remaining_time":0.1013081687},
{"learn":[4.376063601],"iteration":841,"passed_time":0.5363804167,"remaining_time":0.100650957},
{"learn":[4.371465345],"iteration":842,"passed_time":0.5368785833,"remaining_time":0.09998806356},
{"learn":[4.362289418],"iteration":843,"passed_time":0.5374530833,"remaining_time":0.09933966943},
{"learn":[4.356797416],"iteration":844,"passed_time":0.5381420417,"remaining_time":0.09871244551},
{"learn":[4.35015733],"iteration":845,"passed_time":0.5387070833,"remaining_time":0.09806251872},
{"learn":[4.345357563],"iteration":846,"passed_time":0.5392221667,"remaining_time":0.097403768},
{"learn":[4.338016616],"iteration":847,"passed_time":0.5397754583,"remaining_time":0.0967522048},
{"learn":[4.33326353],"iteration":848,"passed_time":0.540327,"remaining_time":0.09610056184},
{"learn":[4.32868108],"iteration":849,"passed_time":0.5410627917,"remaining_time":0.09548166912},
{"learn":[4.326997971],"iteration":850,"passed_time":0.5415402083,"remaining_time":0.09481726327},
{"learn":[4.325371154],"iteration":851,"passed_time":0.5421662917,"remaining_time":0.09417912109},
{"learn":[4.322511268],"iteration":852,"passed_time":0.5426265,"remaining_time":0.09351242145},
{"learn":[4.317233767],"iteration":853,"passed_time":0.5432207083,"remaining_time":0.09286911407},
{"learn":[4.312419222],"iteration":854,"passed_time":0.5438051667,"remaining_time":0.09222426803},
{"learn":[4.306874374],"iteration":855,"passed_time":0.5444067917,"remaining_time":0.09158245093},
{"learn":[4.304493198],"iteration":856,"passed_time":0.5449223333,"remaining_time":0.09092636367},
{"learn":[4.299719902],"iteration":857,"passed_time":0.5454805417,"remaining_time":0.0902776654},
{"learn":[4.2949673],"iteration":858,"passed_time":0.5459639167,"remaining_time":0.08961689435},
{"learn":[4.289606951],"iteration":859,"passed_time":0.546587,"remaining_time":0.08897927907},
{"learn":[4.286118474],"iteration":860,"passed_time":0.5471482083,"remaining_time":0.08833170843},
{"learn":[4.28181604],"iteration":861,"passed_time":0.5476680417,"remaining_time":0.08767771433},
{"learn":[4.268831647],"iteration":862,"passed_time":0.5482129167,"remaining_time":0.08702800647},
{"learn":[4.263894733],"iteration":863,"passed_time":0.5488454583,"remaining_time":0.08639234066},
{"learn":[4.257636412],"iteration":864,"passed_time":0.5493534583,"remaining_time":0.08573724494},
{"learn":[4.251734885],"iteration":865,"passed_time":0.549987375,"remaining_time":0.08510197258},
{"learn":[4.246725809],"iteration":866,"passed_time":0.5504591667,"remaining_time":0.08444183295},
{"learn":[4.245812529],"iteration":867,"passed_time":0.5510844583,"remaining_time":0.08380547062},
{"learn":[4.239480527],"iteration":868,"passed_time":0.5516912083,"remaining_time":0.08316633866},
{"learn":[4.236181676],"iteration":869,"passed_time":0.5522760417,"remaining_time":0.08252400623},
{"learn":[4.235584923],"iteration":870,"passed_time":0.553140125,"remaining_time":0.08192316432},
{"learn":[4.227160136],"iteration":871,"passed_time":0.5536164167,"remaining_time":0.08126479511},
{"learn":[4.222592883],"iteration":872,"passed_time":0.5543784167,"remaining_time":0.08064840655},
{"learn":[4.219727484],"iteration":873,"passed_time":0.5549779583,"remaining_time":0.08000826402},
{"learn":[4.219239022],"iteration":874,"passed_time":0.5556335833,"remaining_time":0.07937622619},
{"learn":[4.212783571],"iteration":875,"passed_time":0.5561717083,"remaining_time":0.07872750209},
{"learn":[4.2063057],"iteration":876,"passed_time":0.556756875,"remaining_time":0.07808562785},
{"learn":[4.205943987],"iteration":877,"passed_time":0.557352,"remaining_time":0.07744526651},
{"learn":[4.198378486],"iteration":878,"passed_time":0.5579471667,"remaining_time":0.07680501384},
{"learn":[4.194669215],"iteration":879,"passed_time":0.5585205,"remaining_time":0.07616188636},
{"learn":[4.191600259],"iteration":880,"passed_time":0.5591504167,"remaining_time":0.07552656025},
{"learn":[4.187389747],"iteration":881,"passed_time":0.5596623333,"remaining_time":0.07487545956},
{"learn":[4.182923788],"iteration":882,"passed_time":0.560273625,"remaining_time":0.07423784159},
{"learn":[4.176127075],"iteration":883,"passed_time":0.5607967083,"remaining_time":0.07358870833},
{"learn":[4.174659199],"iteration":884,"passed_time":0.5614372083,"remaining_time":0.07295511747},
{"learn":[4.168025707],"iteration":885,"passed_time":0.5619717083,"remaining_time":0.07230787218},
{"learn":[4.15970931],"iteration":886,"passed_time":0.5625995,"remaining_time":0.07167276607},
{"learn":[4.155542469],"iteration":887,"passed_time":0.5633155,"remaining_time":0.0710488018},
{"learn":[4.150644656],"iteration":888,"passed_time":0.5638268333,"remaining_time":0.07039907593},
{"learn":[4.144181149],"iteration":889,"passed_time":0.564469875,"remaining_time":0.06976593961},
{"learn":[4.140097968],"iteration":890,"passed_time":0.5649845417,"remaining_time":0.06911707637},
{"learn":[4.135771445],"iteration":891,"passed_time":0.5655146667,"remaining_time":0.06847038565},
{"learn":[4.123258056],"iteration":892,"passed_time":0.5660499583,"remaining_time":0.06782457507},
{"learn":[4.119967728],"iteration":893,"passed_time":0.5665799583,"remaining_time":0.06717838432},
{"learn":[4.117512778],"iteration":894,"passed_time":0.5672018333,"remaining_time":0.06654323184},
{"learn":[4.110665991],"iteration":895,"passed_time":0.5678426667,"remaining_time":0.06591030952},
{"learn":[4.110018956],"iteration":896,"passed_time":0.5684052083,"remaining_time":0.06526837955},
{"learn":[4.105697747],"iteration":897,"passed_time":0.5689873333,"remaining_time":0.06462885078},
{"learn":[4.097513667],"iteration":898,"passed_time":0.5697378333,"remaining_time":0.06400836615},
{"learn":[4.091280495],"iteration":899,"passed_time":0.5704262083,"remaining_time":0.06338068981},
{"learn":[4.087960864],"iteration":900,"passed_time":0.57102625,"remaining_time":0.06274317286},
{"learn":[4.079382223],"iteration":901,"passed_time":0.571618625,"remaining_time":0.06210490604},
{"learn":[4.078900194],"iteration":902,"passed_time":0.5722945833,"remaining_time":0.06147571936},
{"learn":[4.074079658],"iteration":903,"passed_time":0.5729209167,"remaining_time":0.06084115929},
{"learn":[4.070298589],"iteration":904,"passed_time":0.5735055417,"remaining_time":0.06020223918},
{"learn":[4.068342569],"iteration":905,"passed_time":0.5741594583,"remaining_time":0.05957062813},
{"learn":[4.063948256],"iteration":906,"passed_time":0.5747292917,"remaining_time":0.05893034633},
{"learn":[4.057766438],"iteration":907,"passed_time":0.5752155833,"remaining_time":0.05828175514},
{"learn":[4.057269042],"iteration":908,"passed_time":0.5756866667,"remaining_time":0.05763199853},
{"learn":[4.056590408],"iteration":909,"passed_time":0.57609875,"remaining_time":0.05697679945},
{"learn":[4.054982563],"iteration":910,"passed_time":0.5766796667,"remaining_time":0.05633862825},
{"learn":[4.050970722],"iteration":911,"passed_time":0.5772364583,"remaining_time":0.05569825475},
{"learn":[4.039742747],"iteration":912,"passed_time":0.5777344583,"remaining_time":0.05505246208},
{"learn":[4.028440213],"iteration":913,"passed_time":0.578286,"remaining_time":0.05441203063},
{"learn":[4.022021655],"iteration":914,"passed_time":0.5788670417,"remaining_time":0.05377453393},
{"learn":[4.009494831],"iteration":915,"passed_time":0.5794149167,"remaining_time":0.053134119},
{"learn":[4.007856795],"iteration":916,"passed_time":0.5801885,"remaining_time":0.05251433533},
{"learn":[3.994934228],"iteration":917,"passed_time":0.5808709583,"remaining_time":0.05188607689},
{"learn":[3.993030388],"iteration":918,"passed_time":0.5814012083,"remaining_time":0.05124428496},
{"learn":[3.986542631],"iteration":919,"passed_time":0.5820608333,"remaining_time":0.05061398551},
{"learn":[3.983075996],"iteration":920,"passed_time":0.5827377083,"remaining_time":0.04998510202},
{"learn":[3.982292565],"iteration":921,"passed_time":0.583244625,"remaining_time":0.04934173617},
{"learn":[3.979156733],"iteration":922,"passed_time":0.5838525,"remaining_time":0.0487070883},
{"learn":[3.976912013],"iteration":923,"passed_time":0.5842907083,"remaining_time":0.04805854311},
{"learn":[3.972191579],"iteration":924,"passed_time":0.5847936667,"remaining_time":0.0474157027},
{"learn":[3.967977262],"iteration":925,"passed_time":0.585227375,"remaining_time":0.0467676304},
{"learn":[3.967370191],"iteration":926,"passed_time":0.5857007917,"remaining_time":0.04612314756},
{"learn":[3.963968092],"iteration":927,"passed_time":0.5862435417,"remaining_time":0.04548441272},
{"learn":[3.961937165],"iteration":928,"passed_time":0.5866595833,"remaining_time":0.04483620066},
{"learn":[3.960055891],"iteration":929,"passed_time":0.5871620417,"remaining_time":0.04419499238},
{"learn":[3.952703626],"iteration":930,"passed_time":0.5876014167,"remaining_time":0.04354940682},
{"learn":[3.946526872],"iteration":931,"passed_time":0.5882557917,"remaining_time":0.04291995046},
{"learn":[3.945183504],"iteration":932,"passed_time":0.5887971667,"remaining_time":0.04228232601},
{"learn":[3.939359572],"iteration":933,"passed_time":0.589289875,"remaining_time":0.04164146868},
{"learn":[3.937649474],"iteration":934,"passed_time":0.589904,"remaining_time":0.04100936898},
{"learn":[3.932486711],"iteration":935,"passed_time":0.5904731667,"remaining_time":0.04037423362},
{"learn":[3.928360368],"iteration":936,"passed_time":0.5909474167,"remaining_time":0.03973285726},
{"learn":[3.926804996],"iteration":937,"passed_time":0.5914077083,"remaining_time":0.03909091462},
{"learn":[3.926085642],"iteration":938,"passed_time":0.5920869167,"remaining_time":0.03846358032},
{"learn":[3.920728997],"iteration":939,"passed_time":0.5927229583,"remaining_time":0.03783338032},
{"learn":[3.91371342],"iteration":940,"passed_time":0.5932397917,"remaining_time":0.03719569363},
{"learn":[3.912798565],"iteration":941,"passed_time":0.59380125,"remaining_time":0.03656101115},
{"learn":[3.907128169],"iteration":942,"passed_time":0.5944774167,"remaining_time":0.03593341755},
{"learn":[3.905884398],"iteration":943,"passed_time":0.5950682083,"remaining_time":0.03530065643},
{"learn":[3.897067577],"iteration":944,"passed_time":0.5957191667,"remaining_time":0.03467148589},
{"learn":[3.89598472],"iteration":945,"passed_time":0.59623225,"remaining_time":0.03403439905},
{"learn":[3.89549987],"iteration":946,"passed_time":0.596813625,"remaining_time":0.03340139612},
{"learn":[3.891959848],"iteration":947,"passed_time":0.5973755,"remaining_time":0.03276743249},
{"learn":[3.891233092],"iteration":948,"passed_time":0.5979039167,"remaining_time":0.03213182271},
{"learn":[3.88708049],"iteration":949,"passed_time":0.5983556667,"remaining_time":0.03149240351},
{"learn":[3.886608108],"iteration":950,"passed_time":0.5988618333,"remaining_time":0.03085618279},
{"learn":[3.883200521],"iteration":951,"passed_time":0.5994461667,"remaining_time":0.03022417647},
{"learn":[3.878561127],"iteration":952,"passed_time":0.59994475,"remaining_time":0.02958804119},
{"learn":[3.877587089],"iteration":953,"passed_time":0.6004723333,"remaining_time":0.02895359259},
{"learn":[3.8710002],"iteration":954,"passed_time":0.6012512083,"remaining_time":0.02833120877},
{"learn":[3.865804441],"iteration":955,"passed_time":0.6018474583,"remaining_time":0.02770009222},
{"learn":[3.861444195],"iteration":956,"passed_time":0.602482,"remaining_time":0.02707076907},
{"learn":[3.858083357],"iteration":957,"passed_time":0.6030705,"remaining_time":0.02643941649},
{"learn":[3.854200283],"iteration":958,"passed_time":0.6036654167,"remaining_time":0.02580842762},
{"learn":[3.852198148],"iteration":959,"passed_time":0.604364375,"remaining_time":0.02518184896},
{"learn":[3.847178695],"iteration":960,"passed_time":0.6049612083,"remaining_time":0.02455097516},
{"learn":[3.840435551],"iteration":961,"passed_time":0.6055327083,"remaining_time":0.02391917143},
{"learn":[3.839584945],"iteration":962,"passed_time":0.6059819167,"remaining_time":0.02328279431},
{"learn":[3.837408676],"iteration":963,"passed_time":0.6065212917,"remaining_time":0.02265017272},
{"learn":[3.831835606],"iteration":964,"passed_time":0.60721725,"remaining_time":0.02202342358},
{"learn":[3.831252582],"iteration":965,"passed_time":0.6077530417,"remaining_time":0.02139089381},
{"learn":[3.827084877],"iteration":966,"passed_time":0.608271375,"remaining_time":0.02075796833},
{"learn":[3.823074541],"iteration":967,"passed_time":0.608826375,"remaining_time":0.02012649174},
{"learn":[3.820870717],"iteration":968,"passed_time":0.609505875,"remaining_time":0.01949915596},
{"learn":[3.812327952],"iteration":969,"passed_time":0.6101074167,"remaining_time":0.01886930155},
{"learn":[3.809698419],"iteration":970,"passed_time":0.6106914583,"remaining_time":0.01823898279},
{"learn":[3.807972562],"iteration":971,"passed_time":0.6113005833,"remaining_time":0.01760948182},
{"learn":[3.807461688],"iteration":972,"passed_time":0.6118424167,"remaining_time":0.01697815545},
{"learn":[3.80712381],"iteration":973,"passed_time":0.6124575,"remaining_time":0.01634896817},
{"learn":[3.796919099],"iteration":974,"passed_time":0.6131325417,"remaining_time":0.01572134722},
{"learn":[3.795389078],"iteration":975,"passed_time":0.6136772917,"remaining_time":0.0150904252},
{"learn":[3.792169604],"iteration":976,"passed_time":0.6142194167,"remaining_time":0.01445961779},
{"learn":[3.790118565],"iteration":977,"passed_time":0.614854875,"remaining_time":0.01383109126},
{"learn":[3.784685028],"iteration":978,"passed_time":0.6153220417,"remaining_time":0.01319894063},
{"learn":[3.782186431],"iteration":979,"passed_time":0.615872,"remaining_time":0.01256881633},
{"learn":[3.77774139],"iteration":980,"passed_time":0.6163434167,"remaining_time":0.01193733427},
{"learn":[3.772598054],"iteration":981,"passed_time":0.6168554167,"remaining_time":0.0113069221},
{"learn":[3.767849465],"iteration":982,"passed_time":0.6173752917,"remaining_time":0.01067688704},
{"learn":[3.766844714],"iteration":983,"passed_time":0.6179792083,"remaining_time":0.01004844241},
{"learn":[3.765880817],"iteration":984,"passed_time":0.6185263333,"remaining_time":0.009419182741},
{"learn":[3.761274043],"iteration":985,"passed_time":0.618979625,"remaining_time":0.008788757353},
{"learn":[3.756763039],"iteration":986,"passed_time":0.6196043333,"remaining_time":0.008160948666},
{"learn":[3.749946705],"iteration":987,"passed_time":0.6201211667,"remaining_time":0.007531836032},
{"learn":[3.745434099],"iteration":988,"passed_time":0.6206252083,"remaining_time":0.006902808182},
{"learn":[3.742342174],"iteration":989,"passed_time":0.6211422083,"remaining_time":0.006274163721},
{"learn":[3.741065083],"iteration":990,"passed_time":0.621682375,"remaining_time":0.00564595497},
{"learn":[3.736314106],"iteration":991,"passed_time":0.6223282917,"remaining_time":0.005018776546},
{"learn":[3.733282225],"iteration":992,"passed_time":0.6228202917,"remaining_time":0.004390475369},
{"learn":[3.730413102],"iteration":993,"passed_time":0.6234774167,"remaining_time":0.003763445171},
{"learn":[3.725497606],"iteration":994,"passed_time":0.6241325833,"remaining_time":0.00313634464},
{"learn":[3.723350665],"iteration":995,"passed_time":0.624609625,"remaining_time":0.00250847239},
{"learn":[3.719758465],"iteration":996,"passed_time":0.6251663333,"remaining_time":0.001881142427},
{"learn":[3.712972489],"iteration":997,"passed_time":0.6256837917,"remaining_time":0.001253875334},
{"learn":[3.708697351],"iteration":998,"passed_time":0.6263284167,"remaining_time":0.000626955372},
{"learn":[3.70354292],"iteration":999,"passed_time":0.626879125,"remaining_time":0}
]}0.003734548092},
{"learn":[3.467720816],"iteration":994,"passed_time":0.6192809217,"remaining_time":0.003111964431},
{"learn":[3.46427414],"iteration":995,"passed_time":0.6198627095,"remaining_time":0.002489408472},
{"learn":[3.458044008],"iteration":996,"passed_time":0.6203667061,"remaining_time":0.001866700219},
{"learn":[3.454095901],"iteration":997,"passed_time":0.6209402857,"remaining_time":0.00124436931},
{"learn":[3.453416407],"iteration":998,"passed_time":0.6214780321,"remaining_time":0.0006221001322},
{"learn":[3.448488215],"iteration":999,"passed_time":0.622094903,"remaining_time":0}
]}